County Name,Agency Name,County #,District #,FTE Teachers 2018-2019,Total Staff 2018-2019,Total Students 2018-2019,FTE Teachers 2020-2021,Total Staff 2020-2021,Total Students 2020-2021
DALLAS COUNTY,A W BROWN LEADERSHIP ACADEMY,48113,57816,115.6,218.4,2084.0,76.79,170.87,1383.0
DALLAS COUNTY,A+ ACADEMY,48113,57829,86.58,192.28,1409.0,92.87,213.39,1456.0
HARRIS COUNTY,A+ UNLIMITED POTENTIAL,48201,101871,7.67,10.34,180.0,6.91,13.61,152.0
HILL COUNTY,ABBOTT ISD,48217,109901,24.25,40.0,277.0,25.13,41.72,274.0
HALE COUNTY,ABERNATHY ISD,48189,95901,68.0,124.97,780.0,72.55,124.29,810.0
TAYLOR COUNTY,ABILENE ISD,48441,221901,1090.71,2481.36,16645.0,1110.18,2543.38,15680.0
DALLAS COUNTY,ACADEMY FOR ACADEMIC EXCELLENCE,48113,57814,54.96,93.57,505.0,56.0,95.0,308.0
BELL COUNTY,ACADEMY ISD,48027,14901,113.6,214.33,1652.0,125.91,250.28,1726.0
HARRIS COUNTY,ACADEMY OF ACCELERATED LEARNING INC,48201,101810,40.41,66.59,742.0,46.65,74.01,851.0
DALLAS COUNTY,ACADEMY OF DALLAS,48113,57810,27.08,57.34,487.0,21.85,39.35,341.0
HARRIS COUNTY,ACCELERATED INTERMEDIATE ACADEMY,48201,101849,19.0,24.0,248.0,14.99,18.99,235.0
OLDHAM COUNTY,ADRIAN ISD,48359,180903,18.15,30.97,117.0,17.22,32.48,122.0
DALLAS COUNTY,ADVANTAGE ACADEMY,48113,57806,88.69,177.0,1689.0,57.3,128.6,1207.0
NUECES COUNTY,AGUA DULCE ISD,48355,178901,32.95,56.0,346.0,33.5,63.47,406.0
BEXAR COUNTY,ALAMO HEIGHTS ISD,48029,15901,344.53,602.95,4864.0,354.58,630.33,4846.0
WOOD COUNTY,ALBA-GOLDEN ISD,48499,250906,79.4,140.64,900.0,82.71,146.34,861.0
SHACKELFORD COUNTY,ALBANY ISD,48417,209901,44.85,83.41,495.0,43.22,77.97,503.0
HARRIS COUNTY,ALDINE ISD,48201,101902,4128.18,9075.37,66854.0,4243.82,9204.84,63302.0
PARKER COUNTY,ALEDO ISD,48367,184907,354.71,655.06,6129.0,407.3,719.74,6723.0
JIM WELLS COUNTY,ALICE ISD,48249,125901,302.04,717.53,4940.0,307.11,727.45,4676.0
HARRIS COUNTY,ALIEF ISD,48201,101903,3259.99,6350.39,45436.0,3276.07,6461.03,41724.0
HARRIS COUNTY,ALIEF MONTESSORI COMMUNITY SCHOOL,48201,101815,14.95,36.27,305.0,16.76,38.82,331.0
COLLIN COUNTY,ALLEN ISD,48085,43901,1350.86,2469.23,21557.0,1370.19,2560.63,21617.0
BREWSTER COUNTY,ALPINE ISD,48043,22901,87.13,184.74,1014.0,77.14,171.19,974.0
CHEROKEE COUNTY,ALTO ISD,48073,37901,58.27,101.22,664.0,57.76,104.11,609.0
JOHNSON COUNTY,ALVARADO ISD,48251,126901,228.93,446.09,3635.0,238.66,467.67,3565.0
BRAZORIA COUNTY,ALVIN ISD,48039,20901,1700.43,3424.87,25945.0,1824.85,3555.68,27006.0
WISE COUNTY,ALVORD ISD,48497,249901,57.44,111.68,727.0,61.95,115.73,709.0
POTTER COUNTY,AMARILLO ISD,48375,188901,2193.75,4163.42,32829.0,2213.46,4206.25,31388.0
GALVESTON COUNTY,AMBASSADORS PREPARATORY ACADEMY,48167,84804,20.67,45.84,323.0,22.81,50.06,246.0
LAMB COUNTY,AMHERST ISD,48279,140901,18.99,30.94,142.0,19.0,32.11,133.0
HARRIS COUNTY,AMIGOS POR VIDA-FRIENDS FOR LIFE PUB CHTR SCH,48201,101819,24.88,50.96,494.0,30.81,56.28,502.0
CHAMBERS COUNTY,ANAHUAC ISD,48071,36901,95.71,186.96,1325.0,98.97,193.87,1326.0
GRIMES COUNTY,ANDERSON-SHIRO CISD,48185,93901,67.69,124.44,879.0,71.85,130.41,887.0
ANDREWS COUNTY,ANDREWS ISD,48003,2901,264.19,508.27,4319.0,287.18,559.88,4128.0
BRAZORIA COUNTY,ANGLETON ISD,48039,20902,400.16,864.18,6767.0,440.01,983.72,6863.0
COLLIN COUNTY,ANNA ISD,48085,43902,246.18,482.93,3597.0,282.3,574.71,3979.0
JONES COUNTY,ANSON ISD,48253,127901,68.96,123.1,749.0,72.0,124.46,708.0
EL PASO COUNTY,ANTHONY ISD,48141,71906,57.82,127.46,843.0,60.01,148.22,787.0
HOCKLEY COUNTY,ANTON ISD,48219,110901,19.75,34.21,199.0,21.46,36.27,184.0
TRINITY COUNTY,APPLE SPRINGS ISD,48455,228905,18.42,35.6,202.0,19.17,38.87,206.0
HILL COUNTY,AQUILLA ISD,48217,109912,25.87,49.84,335.0,27.72,49.27,319.0
ARANSAS COUNTY,ARANSAS COUNTY ISD,48007,4901,214.93,467.53,2829.0,217.46,452.82,3010.0
SAN PATRICIO COUNTY,ARANSAS PASS ISD,48409,205901,113.56,263.43,1556.0,109.9,257.11,1645.0
ARCHER COUNTY,ARCHER CITY ISD,48009,5901,44.94,88.18,505.0,47.85,93.02,502.0
DENTON COUNTY,ARGYLE ISD,48121,61910,196.71,351.9,3061.0,258.87,444.1,3795.0
HARRIS COUNTY,ARISTOI CLASSICAL ACADEMY,48201,101803,60.88,96.97,911.0,72.69,120.76,1072.0
TARRANT COUNTY,ARLINGTON CLASSICS ACADEMY,48439,220802,92.38,144.66,1550.0,91.5,149.85,1542.0
TARRANT COUNTY,ARLINGTON ISD,48439,220901,4100.64,8211.83,59900.0,4114.71,8169.15,56840.0
SMITH COUNTY,ARP ISD,48423,212901,75.45,145.16,869.0,77.22,151.85,876.0
BRAZOS COUNTY,ARROW ACADEMY,48041,21805,46.01,76.17,706.0,44.04,75.21,691.0
STONEWALL COUNTY,ASPERMONT ISD,48433,217901,19.44,39.86,224.0,20.22,39.99,213.0
HENDERSON COUNTY,ATHENS ISD,48213,107901,193.45,395.04,3011.0,194.16,418.13,2982.0
CASS COUNTY,ATLANTA ISD,48067,34901,132.55,311.58,1725.0,132.59,329.71,1848.0
DENTON COUNTY,AUBREY ISD,48121,61907,158.1,257.02,2442.0,172.24,300.39,2644.0
TRAVIS COUNTY,AUSTIN ACHIEVE PUBLIC SCHOOLS,48453,227825,97.83,180.45,1556.0,132.24,285.18,2183.0
TRAVIS COUNTY,AUSTIN DISCOVERY SCHOOL,48453,227821,48.5,64.63,508.0,42.77,56.62,433.0
TRAVIS COUNTY,AUSTIN ISD,48453,227901,5539.62,11104.58,80032.0,5508.22,10945.22,74871.0
REFUGIO COUNTY,AUSTWELL-TIVOLI ISD,48391,196901,17.23,29.79,140.0,20.17,38.31,137.0
ELLIS COUNTY,AVALON ISD,48139,70901,32.26,58.3,362.0,28.74,55.86,332.0
RED RIVER COUNTY,AVERY ISD,48387,194902,32.3,62.42,340.0,33.49,67.93,322.0
CASS COUNTY,AVINGER ISD,48067,34902,17.24,27.87,153.0,17.65,28.38,140.0
MARION COUNTY,AXTELL ISD,48309,161918,76.35,156.24,825.0,75.5,143.22,772.0
TARRANT COUNTY,AZLE ISD,48439,220915,414.76,857.18,6578.0,446.28,870.1,6685.0
CALLAHAN COUNTY,BAIRD ISD,48059,30903,34.39,58.59,283.0,30.12,57.62,281.0
RUNNELS COUNTY,BALLINGER ISD,48399,200901,77.54,150.17,906.0,79.18,157.42,854.0
REEVES COUNTY,BALMORHEA ISD,48389,195902,19.54,39.58,186.0,19.12,38.88,155.0
BANDERA COUNTY,BANDERA ISD,48019,10902,148.28,291.49,2234.0,148.57,304.44,2218.0
BROWN COUNTY,BANGS ISD,48049,25901,76.48,146.22,902.0,70.61,135.44,837.0
NUECES COUNTY,BANQUETE ISD,48355,178913,80.59,156.77,876.0,81.47,140.44,855.0
CHAMBERS COUNTY,BARBERS HILL ISD,48071,36902,396.17,811.31,5732.0,477.19,969.85,6424.0
BELL COUNTY,BARTLETT ISD,48027,14902,25.46,58.46,343.0,32.34,63.18,380.0
BEXAR COUNTY,BASIS TEXAS,48029,15834,142.46,143.46,2597.0,192.83,235.0,3048.0
BASTROP COUNTY,BASTROP ISD,48021,11901,697.59,1158.47,11081.0,735.75,1291.1,11405.0
MCLENNAN COUNTY,BAY CITY ISD,48321,158901,237.06,536.59,3670.0,239.72,560.62,3536.0
HARRIS COUNTY,BEATRICE MAYES INSTITUTE CHARTER SCHOOL,48201,101847,32.0,48.09,462.0,31.87,46.87,470.0
JEFFERSON COUNTY,BEAUMONT ISD,48245,123910,1134.75,2349.54,18470.0,1139.63,2393.3,17128.0
PANOLA COUNTY,BECKVILLE ISD,48365,183901,63.74,102.71,700.0,67.72,107.44,673.0
BEE COUNTY,BEEVILLE ISD,48025,13901,201.86,447.65,3330.0,201.7,461.69,3157.0
CLAY COUNTY,BELLEVUE ISD,48077,39904,16.75,30.68,130.0,16.37,31.89,145.0
GRAYSON COUNTY,BELLS ISD,48181,91901,70.23,119.32,895.0,70.22,122.54,868.0
AUSTIN COUNTY,BELLVILLE ISD,48015,8901,163.73,354.74,2238.0,171.88,343.85,2196.0
BELL COUNTY,BELTON ISD,48027,14903,750.06,1589.25,11885.0,868.14,1873.34,12609.0
JIM WELLS COUNTY,BEN BOLT-PALITO BLANCO ISD,48249,125902,44.0,74.0,515.0,40.65,76.6,521.0
DUVAL COUNTY,BENAVIDES ISD,48131,66901,27.03,58.04,319.0,25.65,54.37,255.0
KNOX COUNTY,BENJAMIN ISD,48275,138904,15.33,23.57,118.0,14.83,23.91,131.0
HARRIS COUNTY,BETA ACADEMY,48201,101870,31.87,67.13,655.0,63.73,135.89,1205.0
BEXAR COUNTY,BEXAR COUNTY ACADEMY,48029,15809,29.14,52.41,349.0,29.55,58.54,274.0
UPSHUR COUNTY,BIG SANDY ISD,48459,230901,69.3,179.89,708.0,62.45,119.33,643.0
HOWARD COUNTY,BIG SPRING ISD,48227,114901,257.55,540.58,4035.0,268.91,566.4,3698.0
REAL COUNTY,BIG SPRINGS CHARTER SCHOOL,48385,193801,21.73,59.22,227.0,21.91,49.14,235.0
TARRANT COUNTY,BIRDVILLE ISD,48439,220902,1540.33,3002.47,23614.0,1548.05,3019.96,22736.0
NUECES COUNTY,BISHOP CISD,48355,178902,105.12,183.1,1524.0,110.24,197.33,1556.0
NOLAN COUNTY,BLACKWELL CISD,48353,177903,22.1,42.37,152.0,22.18,42.62,168.0
BLANCO COUNTY,BLANCO ISD,48031,16902,77.82,149.87,1011.0,80.78,154.37,1011.0
HUNT COUNTY,BLAND ISD,48231,116915,54.53,105.06,721.0,62.01,115.84,724.0
BROWN COUNTY,BLANKET ISD,48049,25904,20.69,36.26,167.0,18.23,31.58,143.0
CASS COUNTY,BLOOMBURG ISD,48067,34909,24.51,49.71,272.0,23.92,50.16,250.0
NAVARRO COUNTY,BLOOMING GROVE ISD,48349,175902,71.51,137.15,930.0,74.96,141.11,897.0
VICTORIA COUNTY,BLOOMINGTON ISD,48469,235901,60.42,134.14,890.0,63.01,151.27,887.0
COLLIN COUNTY,BLUE RIDGE ISD,48085,43917,60.35,110.95,852.0,67.29,123.97,888.0
ERATH COUNTY,BLUFF DALE ISD,48143,72904,19.21,32.93,237.0,19.84,38.97,224.0
HILL COUNTY,BLUM ISD,48217,109913,27.95,61.46,363.0,29.86,58.01,365.0
JEFFERSON COUNTY,BOB HOPE SCHOOL,48245,123807,84.93,177.34,1451.0,125.9,286.58,2385.0
KENDALL COUNTY,BOERNE ISD,48259,130901,566.36,1073.96,9170.0,631.24,1198.13,9617.0
HUNT COUNTY,BOLES ISD,48231,116916,48.2,94.86,547.0,47.53,103.51,497.0
WHARTON COUNTY,BOLING ISD,48481,241901,72.0,140.58,1161.0,72.0,145.04,1101.0
FANNIN COUNTY,BONHAM ISD,48147,74903,131.54,323.57,1887.0,138.24,322.91,1796.0
LIPSCOMB COUNTY,BOOKER ISD,48295,148901,38.36,69.86,396.0,39.73,72.58,362.0
BORDEN COUNTY,BORDEN COUNTY ISD,48033,17901,20.1,45.89,214.0,21.87,51.3,231.0
HUTCHINSON COUNTY,BORGER ISD,48233,117901,192.09,439.51,2694.0,194.8,453.08,2472.0
MARION COUNTY,BOSQUEVILLE ISD,48309,161923,57.93,101.66,699.0,59.79,109.93,729.0
PARMER COUNTY,BOVINA ISD,48369,185901,45.15,87.63,500.0,44.47,87.46,465.0
MONTAGUE COUNTY,BOWIE ISD,48337,169901,122.29,250.73,1716.0,125.73,252.2,1693.0
WISE COUNTY,BOYD ISD,48497,249902,94.75,170.37,1341.0,93.34,175.43,1267.0
OLDHAM COUNTY,BOYS RANCH ISD,48359,180901,54.83,84.01,309.0,55.62,86.72,206.0
KINNEY COUNTY,BRACKETT ISD,48271,136901,57.81,116.13,560.0,58.88,113.54,519.0
MADISON COUNTY,BRADY ISD,48307,160901,98.97,205.09,1146.0,88.3,187.1,991.0
AUSTIN COUNTY,BRAZOS ISD,48015,8903,62.35,121.78,827.0,64.43,128.53,795.0
SOMERVELL COUNTY,BRAZOS RIVER CHARTER SCHOOL,48425,213801,15.5,34.68,238.0,19.32,38.98,207.0
BRAZOS COUNTY,BRAZOS SCHOOL FOR INQUIRY & CREATIVITY,48041,21803,30.0,55.07,411.0,29.21,55.05,327.0
BRAZORIA COUNTY,BRAZOSPORT ISD,48039,20905,843.51,1760.56,12417.0,874.71,1842.33,11424.0
STEPHENS COUNTY,BRECKENRIDGE ISD,48429,215901,110.24,227.22,1481.0,99.87,229.69,1402.0
ROBERTSON COUNTY,BREMOND ISD,48395,198901,40.43,79.15,487.0,41.88,78.81,494.0
WASHINGTON COUNTY,BRENHAM ISD,48477,239901,366.19,695.77,5062.0,377.9,707.65,4944.0
ORANGE COUNTY,BRIDGE CITY ISD,48361,181901,192.56,360.34,3057.0,191.4,367.44,3028.0
WISE COUNTY,BRIDGEPORT ISD,48497,249903,161.2,319.67,2078.0,163.61,333.09,2051.0
SAN AUGUSTINE COUNTY,BROADDUS ISD,48405,203902,37.05,70.54,396.0,35.73,70.64,351.0
PARKER COUNTY,BROCK ISD,48367,184909,106.5,184.87,1510.0,129.07,219.38,1765.0
COKE COUNTY,BRONTE ISD,48081,41901,25.58,44.36,243.0,28.0,47.18,240.0
SABINE COUNTY,BROOKELAND ISD,48403,121902,38.92,72.13,394.0,37.92,69.42,368.0
BROWN COUNTY,BROOKESMITH ISD,48049,25908,15.51,34.49,165.0,18.0,33.95,158.0
BEXAR COUNTY,BROOKS ACADEMIES OF TEXAS,48029,15830,177.71,323.83,3322.0,195.92,396.41,3079.0
BROOKS COUNTY,BROOKS COUNTY ISD,48047,24901,102.61,217.89,1568.0,102.61,214.46,1438.0
TERRY COUNTY,BROWNFIELD ISD,48445,223901,124.73,274.87,1730.0,125.57,288.66,1598.0
HENDERSON COUNTY,BROWNSBORO ISD,48213,107902,189.8,399.69,2734.0,193.96,401.71,2593.0
CAMERON COUNTY,BROWNSVILLE ISD,48061,31901,2911.52,6618.26,44402.0,2753.73,6265.69,40765.0
BROWN COUNTY,BROWNWOOD ISD,48049,25902,262.07,500.03,3655.0,256.96,486.37,3439.0
MARION COUNTY,BRUCEVILLE-EDDY ISD,48309,161919,69.57,138.28,645.0,66.15,132.9,614.0
BRAZOS COUNTY,BRYAN ISD,48041,21902,1142.26,2439.12,15938.0,1198.97,2619.49,15761.0
JACK COUNTY,BRYSON ISD,48237,119901,21.88,41.11,253.0,21.13,41.32,260.0
MILAM COUNTY,BUCKHOLTS ISD,48331,166907,14.43,29.11,133.0,13.73,30.57,141.0
PECOS COUNTY,BUENA VISTA ISD,48371,186901,18.26,30.0,255.0,19.95,33.0,240.0
LEON COUNTY,BUFFALO ISD,48289,145901,77.89,150.42,945.0,79.8,155.68,947.0
CHEROKEE COUNTY,BULLARD ISD,48073,212902,200.68,366.06,2587.0,204.38,396.42,2675.0
JASPER COUNTY,BUNA ISD,48241,121903,126.21,274.43,1495.0,121.96,274.09,1492.0
WICHITA COUNTY,BURKBURNETT ISD,48485,243901,244.86,476.72,3227.0,255.64,486.61,3199.0
NEWTON COUNTY,BURKEVILLE ISD,48351,176901,22.85,57.25,276.0,25.73,55.04,269.0
JOHNSON COUNTY,BURLESON ISD,48251,126902,779.55,1549.58,12447.0,813.31,1587.08,12547.0
BURNET COUNTY,BURNET CISD,48053,27903,214.23,465.61,3201.0,217.48,477.51,3113.0
EL PASO COUNTY,BURNHAM WOOD CHARTER SCHOOL DISTRICT,48141,71801,50.77,90.57,850.0,70.57,142.86,1252.0
WASHINGTON COUNTY,BURTON ISD,48477,239903,39.01,72.23,437.0,44.99,81.83,481.0
POTTER COUNTY,BUSHLAND ISD,48375,188904,120.51,194.49,1427.0,118.91,193.07,1448.0
HILL COUNTY,BYNUM ISD,48217,109902,17.37,37.1,207.0,21.5,40.5,195.0
HUNT COUNTY,CADDO MILLS ISD,48231,116901,135.57,245.91,1841.0,149.36,278.63,1992.0
NUECES COUNTY,CALALLEN ISD,48355,178903,289.4,595.31,4051.0,283.24,589.74,3956.0
BURLESON COUNTY,CALDWELL ISD,48051,26901,127.79,240.01,1762.0,135.43,279.93,1708.0
CALHOUN COUNTY,CALHOUN COUNTY ISD,48057,29901,263.89,543.76,3846.0,261.06,548.03,3681.0
COOKE COUNTY,CALLISBURG ISD,48097,49905,85.04,177.6,1152.0,83.29,146.03,1131.0
ROBERTSON COUNTY,CALVERT ISD,48395,198902,16.0,32.37,166.0,17.81,33.8,143.0
HARRIS COUNTY,CALVIN NELMS CHARTER SCHOOLS,48201,101837,19.27,27.9,322.0,17.24,26.33,300.0
MILAM COUNTY,CAMERON ISD,48331,166901,129.82,258.18,1783.0,121.73,249.94,1631.0
HUNT COUNTY,CAMPBELL ISD,48231,116910,28.41,53.93,304.0,27.9,58.65,287.0
HEMPHILL COUNTY,CANADIAN ISD,48211,106901,83.55,147.0,906.0,85.34,150.91,877.0
VAN ZANDT COUNTY,CANTON ISD,48467,234902,149.9,251.95,2176.0,154.62,255.71,2134.0
EL PASO COUNTY,CANUTILLO ISD,48141,71907,417.85,911.71,6246.0,419.87,924.15,6035.0
RANDALL COUNTY,CANYON ISD,48381,191901,626.2,1168.89,10166.0,639.55,1223.03,10324.0
RUSK COUNTY,CARLISLE ISD,48401,201913,54.84,105.28,618.0,59.54,118.54,612.0
DIMMIT COUNTY,CARRIZO SPRINGS CISD,48127,64903,148.04,351.52,2219.0,149.42,352.76,2066.0
TARRANT COUNTY,CARROLL ISD,48439,220919,538.91,1049.79,8366.0,578.39,1076.18,8324.0
DALLAS COUNTY,CARROLLTON-FARMERS BRANCH ISD,48113,57903,1710.69,3321.59,25598.0,1696.16,3357.62,24858.0
PANOLA COUNTY,CARTHAGE ISD,48365,183902,184.51,306.76,2708.0,185.98,322.83,2653.0
TARRANT COUNTY,CASTLEBERRY ISD,48439,220917,243.02,520.64,3783.0,234.0,518.65,3617.0
ANDERSON COUNTY,CAYUGA ISD,48001,1902,49.73,115.48,564.0,47.56,121.05,535.0
DALLAS COUNTY,CEDAR HILL ISD,48113,57904,470.31,918.54,7790.0,458.14,879.82,7253.0
TRAVIS COUNTY,CEDARS INTERNATIONAL ACADEMY,48453,227817,40.02,66.28,548.0,38.83,68.36,496.0
HUNT COUNTY,CELESTE ISD,48231,116902,46.45,83.97,507.0,46.18,90.06,494.0
COLLIN COUNTY,CELINA ISD,48085,43903,176.11,351.57,2722.0,198.12,399.63,2962.0
SHELBY COUNTY,CENTER ISD,48419,210901,203.97,377.95,2629.0,204.12,398.51,2477.0
KERR COUNTY,CENTER POINT ISD,48265,133901,40.62,89.23,569.0,43.51,98.5,534.0
LEON COUNTY,CENTERVILLE ISD,48289,145902,58.15,108.29,656.0,62.21,116.62,646.0
NACOGDOCHES COUNTY,CENTRAL HEIGHTS ISD,48347,174908,84.12,142.34,1181.0,92.93,191.48,1131.0
ANGELINA COUNTY,CENTRAL ISD,48005,3907,115.96,230.44,1465.0,117.41,244.78,1445.0
HARRIS COUNTY,CHANNELVIEW ISD,48201,101905,547.05,1251.42,9593.0,572.53,1332.98,9572.0
HARTLEY COUNTY,CHANNING ISD,48205,103901,19.36,32.53,182.0,18.0,31.64,168.0
TRAVIS COUNTY,CHAPARRAL STAR ACADEMY,48453,227814,27.02,30.99,388.0,26.82,32.0,370.0
TARRANT COUNTY,CHAPEL HILL ACADEMY,48439,220815,41.14,63.16,647.0,53.71,82.78,763.0
SMITH COUNTY,CHAPEL HILL ISD,48423,212909,248.61,516.39,3536.0,254.69,539.31,3416.0
ATASCOSA COUNTY,CHARLOTTE ISD,48013,7901,45.5,89.0,471.0,46.49,90.36,419.0
SAN SABA COUNTY,CHEROKEE ISD,48411,206903,18.11,29.01,114.0,17.76,28.61,131.0
TYLER COUNTY,CHESTER ISD,48457,229906,18.11,33.57,195.0,22.07,39.14,211.0
WISE COUNTY,CHICO ISD,48497,249904,51.59,90.54,603.0,51.49,92.02,588.0
CHILDRESS COUNTY,CHILDRESS ISD,48075,38901,91.02,178.57,1096.0,90.36,179.87,997.0
HARDEMAN COUNTY,CHILLICOTHE ISD,48197,99902,19.69,41.77,200.0,21.17,43.08,207.0
FALLS COUNTY,CHILTON ISD,48145,73901,37.97,81.95,528.0,38.2,84.61,529.0
MARION COUNTY,CHINA SPRING ISD,48309,161920,195.19,358.95,2809.0,208.98,392.88,2870.0
NACOGDOCHES COUNTY,CHIRENO ISD,48347,174901,29.0,49.0,396.0,33.98,55.99,394.0
LAMAR COUNTY,CHISUM ISD,48277,139905,78.28,138.26,944.0,91.21,159.8,1062.0
TOM GREEN COUNTY,CHRISTOVAL ISD,48451,226901,45.44,79.23,550.0,47.21,75.29,566.0
EASTLAND COUNTY,CISCO ISD,48133,67902,84.34,155.57,866.0,84.63,160.2,839.0
WICHITA COUNTY,CITY VIEW ISD,48485,243906,83.65,166.51,1064.0,86.32,185.35,1023.0
DALLAS COUNTY,CITYSCAPE SCHOOLS,48113,57841,35.12,86.41,878.0,51.0,133.41,1204.0
DONLEY COUNTY,CLARENDON ISD,48129,65901,44.77,86.41,462.0,47.84,88.5,441.0
RED RIVER COUNTY,CLARKSVILLE ISD,48387,194904,37.32,101.8,534.0,38.24,103.99,481.0
ARMSTRONG COUNTY,CLAUDE ISD,48011,6902,35.22,58.16,359.0,30.18,51.58,316.0
GALVESTON COUNTY,CLEAR CREEK ISD,48167,84910,2531.87,5150.26,42205.0,2543.03,5357.37,40737.0
JOHNSON COUNTY,CLEBURNE ISD,48251,126903,472.27,937.44,6684.0,486.73,991.46,6859.0
LIBERTY COUNTY,CLEVELAND ISD,48291,146901,421.68,778.51,6584.0,555.92,1110.31,8888.0
BOSQUE COUNTY,CLIFTON ISD,48035,18901,80.0,153.29,1002.0,77.59,160.6,961.0
EL PASO COUNTY,CLINT ISD,48141,71901,654.46,1448.35,11388.0,689.82,1531.29,10663.0
CALLAHAN COUNTY,CLYDE CISD,48059,30902,110.77,217.37,1455.0,108.48,223.4,1397.0
HOWARD COUNTY,COAHOMA ISD,48227,114902,79.41,171.82,1111.0,79.0,170.98,1095.0
SAN JACINTO COUNTY,COLDSPRING-OAKHURST CISD,48407,204901,108.61,267.36,1567.0,116.88,278.96,1533.0
COLEMAN COUNTY,COLEMAN ISD,48083,42901,78.45,172.21,869.0,70.2,156.31,842.0
BRAZOS COUNTY,COLLEGE STATION ISD,48041,21901,965.44,1869.69,13540.0,1014.05,1947.06,13664.0
GRAYSON COUNTY,COLLINSVILLE ISD,48181,91902,42.76,75.44,528.0,44.94,84.77,539.0
TYLER COUNTY,COLMESNEIL ISD,48457,229901,37.5,64.16,484.0,41.59,66.14,435.0
MITCHELL COUNTY,COLORADO ISD,48335,168901,65.38,143.93,947.0,66.59,144.98,901.0
BRAZORIA COUNTY,COLUMBIA-BRAZORIA ISD,48039,20907,199.72,429.16,3037.0,203.27,456.52,2873.0
COLORADO COUNTY,COLUMBUS ISD,48089,45902,119.14,220.84,1544.0,122.58,228.12,1536.0
COMAL COUNTY,COMAL ISD,48091,46902,1498.72,2827.79,23935.0,1617.95,3106.09,25459.0
COMANCHE COUNTY,COMANCHE ISD,48093,47901,112.81,226.83,1314.0,108.09,216.83,1318.0
KENDALL COUNTY,COMFORT ISD,48259,130902,92.07,158.16,1102.0,87.79,153.14,1064.0
HUNT COUNTY,COMMERCE ISD,48231,116903,112.71,233.38,1520.0,121.71,250.94,1462.0
COLLIN COUNTY,COMMUNITY ISD,48085,43918,160.85,309.26,2385.0,171.49,329.88,2757.0
HOPKINS COUNTY,COMO-PICKTON CISD,48223,112908,63.99,119.33,742.0,63.24,119.9,709.0
ECTOR COUNTY,COMPASS ACADEMY CHARTER SCHOOL,48135,68802,66.01,89.99,1116.0,77.04,108.15,1322.0
BEXAR COUNTY,COMPASS ROSE ACADEMY,48029,15838,14.06,23.92,193.0,50.75,113.84,1154.0
HARRIS COUNTY,COMQUEST ACADEMY,48201,101842,4.71,10.71,62.0,2.23,7.92,38.0
VAL VERDE COUNTY,COMSTOCK ISD,48465,233903,17.73,30.11,199.0,18.57,32.97,231.0
MARION COUNTY,CONNALLY ISD,48309,161921,175.61,369.03,2364.0,186.09,389.01,2342.0
MONTGOMERY COUNTY,CONROE ISD,48339,170902,3820.15,7726.91,62837.0,4110.6,8248.42,64563.0
LIMESTONE COUNTY,COOLIDGE ISD,48293,147901,29.0,50.81,309.0,29.37,52.25,309.0
DELTA COUNTY,COOPER ISD,48119,60902,62.56,127.04,812.0,66.08,124.74,806.0
DALLAS COUNTY,COPPELL ISD,48113,57922,792.14,1319.82,12925.0,859.83,1448.42,13052.0
CORYELL COUNTY,COPPERAS COVE ISD,48099,50910,540.24,1201.68,8271.0,564.09,1270.48,8052.0
NUECES COUNTY,CORPUS CHRISTI ISD,48355,178904,2239.4,4640.16,37318.0,2232.46,4631.43,34511.0
NUECES COUNTY,CORPUS CHRISTI MONTESSORI SCHOOL,48355,178807,9.17,17.97,135.0,7.63,17.63,116.0
POLK COUNTY,CORRIGAN-CAMDEN ISD,48373,187904,71.36,163.87,822.0,65.94,152.42,789.0
NAVARRO COUNTY,CORSICANA ISD,48349,175903,416.41,870.95,6004.0,416.1,865.69,6059.0
HALE COUNTY,COTTON CENTER ISD,48189,95902,15.01,29.64,125.0,14.06,30.85,96.0
LA SALLE COUNTY,COTULLA ISD,48283,142901,110.14,248.7,1347.0,111.89,262.14,1265.0
WILLIAMSON COUNTY,COUPLAND ISD,48491,246914,13.13,22.2,169.0,12.84,23.77,173.0
HILL COUNTY,COVINGTON ISD,48217,109903,23.06,76.78,295.0,23.58,82.73,276.0
KAUFMAN COUNTY,CRANDALL ISD,48257,129901,277.25,515.55,4420.0,327.05,623.55,4868.0
CRANE COUNTY,CRANE ISD,48103,52901,81.78,148.9,1151.0,87.05,172.18,1099.0
BOSQUE COUNTY,CRANFILLS GAP ISD,48035,18908,15.32,27.73,133.0,15.21,29.67,129.0
MARION COUNTY,CRAWFORD ISD,48309,161901,51.01,86.11,585.0,52.51,88.35,561.0
CROCKETT COUNTY,CROCKETT COUNTY CONSOLIDATED CSD,48105,53001,62.16,129.2,777.0,66.36,134.78,764.0
HOUSTON COUNTY,CROCKETT ISD,48225,113901,96.44,200.33,1345.0,100.46,198.82,1273.0
HARRIS COUNTY,CROSBY ISD,48201,101906,407.8,827.74,6331.0,395.01,737.54,6337.0
CROSBY COUNTY,CROSBYTON CISD,48107,54901,37.76,67.63,367.0,34.75,63.9,316.0
CALLAHAN COUNTY,CROSS PLAINS ISD,48059,30901,36.68,66.36,340.0,35.75,65.59,363.0
HENDERSON COUNTY,CROSS ROADS ISD,48213,107904,54.68,102.33,558.0,52.85,99.54,528.0
FOARD COUNTY,CROWELL ISD,48155,78901,21.2,41.05,209.0,21.39,49.11,202.0
TARRANT COUNTY,CROWLEY ISD,48439,220912,1065.48,1865.53,15728.0,1149.24,1937.18,15731.0
ZAVALA COUNTY,CRYSTAL CITY ISD,48507,254901,121.06,333.71,1936.0,112.89,307.14,1838.0
DEWITT COUNTY,CUERO ISD,48123,62901,152.2,332.64,1989.0,160.1,344.72,1911.0
CULBERSON COUNTY,CULBERSON COUNTY-ALLAMOORE ISD,48109,55901,32.14,59.34,378.0,33.6,73.73,387.0
SMITH COUNTY,CUMBERLAND ACADEMY,48423,212801,148.22,230.47,1949.0,161.96,250.96,1961.0
HOPKINS COUNTY,CUMBY ISD,48223,112905,35.94,68.49,386.0,40.29,70.2,420.0
NACOGDOCHES COUNTY,CUSHING ISD,48347,174902,39.23,72.74,557.0,40.5,78.85,576.0
HARRIS COUNTY,CYPRESS-FAIRBANKS ISD,48201,101907,7261.92,14819.75,116512.0,7659.35,15496.08,114881.0
MEDINA COUNTY,D'HANIS ISD,48325,163902,35.37,66.54,368.0,34.28,62.16,315.0
MORRIS COUNTY,DAINGERFIELD-LONE STAR ISD,48343,172902,83.6,191.76,1037.0,85.8,198.92,1057.0
DALLAM COUNTY,DALHART ISD,48111,56901,127.22,209.98,1737.0,132.38,221.66,1632.0
DALLAS COUNTY,DALLAS ISD,48113,57905,10000.9,20435.2,155119.0,10265.92,21286.79,145113.0
BRAZORIA COUNTY,DAMON ISD,48039,20910,15.0,31.19,156.0,12.0,23.9,115.0
BRAZORIA COUNTY,DANBURY ISD,48039,20904,54.12,100.62,801.0,62.22,110.38,759.0
LIPSCOMB COUNTY,DARROUZETT ISD,48295,148905,13.25,25.07,118.0,16.68,31.77,139.0
NAVARRO COUNTY,DAWSON ISD,48349,175904,38.0,78.46,512.0,43.0,96.51,509.0
LIBERTY COUNTY,DAYTON ISD,48291,146902,338.56,723.24,5418.0,344.79,750.32,5480.0
COMANCHE COUNTY,DE LEON ISD,48093,47902,53.31,119.83,741.0,55.43,133.0,739.0
WISE COUNTY,DECATUR ISD,48497,249905,224.01,439.92,3413.0,232.2,462.3,3429.0
HARRIS COUNTY,DEER PARK ISD,48201,101908,818.98,1804.55,12937.0,814.96,1887.67,12370.0
BOWIE COUNTY,DEKALB ISD,48037,19901,69.39,129.37,800.0,70.0,128.99,759.0
TRAVIS COUNTY,DEL VALLE ISD,48453,227910,811.95,1673.8,10870.0,801.62,1724.98,10654.0
HUDSPETH COUNTY,DELL CITY ISD,48229,115903,10.55,22.91,72.0,10.84,24.32,71.0
GRAYSON COUNTY,DENISON ISD,48181,91903,335.28,581.53,4724.0,341.6,622.72,4591.0
DENTON COUNTY,DENTON ISD,48121,61901,2241.69,3872.44,30169.0,2375.1,4127.77,30267.0
YOAKUM COUNTY,DENVER CITY ISD,48501,251901,120.12,243.32,1703.0,121.74,256.73,1638.0
DALLAS COUNTY,DESOTO ISD,48113,57906,669.06,1238.21,9404.0,487.68,976.29,7929.0
RED RIVER COUNTY,DETROIT ISD,48387,194905,52.64,127.4,542.0,48.47,127.05,516.0
LIBERTY COUNTY,DEVERS ISD,48291,146903,13.86,26.16,176.0,13.4,25.87,205.0
MEDINA COUNTY,DEVINE ISD,48325,163901,137.84,284.71,1985.0,136.28,290.86,1984.0
FREESTONE COUNTY,DEW ISD,48161,81906,16.0,29.93,155.0,18.99,36.19,164.0
NEWTON COUNTY,DEWEYVILLE ISD,48351,176903,49.71,89.16,579.0,47.85,96.61,534.0
ANGELINA COUNTY,DIBOLL ISD,48005,3905,139.29,299.71,1880.0,139.69,297.92,1714.0
GALVESTON COUNTY,DICKINSON ISD,48167,84901,768.84,1520.25,11162.0,834.22,1658.98,11631.0
FRIO COUNTY,DILLEY ISD,48163,82902,75.89,167.85,995.0,74.51,171.69,894.0
LEE COUNTY,DIME BOX ISD,48287,144903,17.01,30.68,153.0,16.28,31.13,160.0
CASTRO COUNTY,DIMMITT ISD,48069,35901,106.12,265.92,1231.0,103.9,262.76,1182.0
FANNIN COUNTY,DODD CITY ISD,48147,74904,30.48,48.31,384.0,27.95,48.03,337.0
HIDALGO COUNTY,DONNA ISD,48215,108902,1028.85,2394.73,14459.0,972.93,2234.23,13853.0
NACOGDOCHES COUNTY,DOUGLASS ISD,48347,174911,37.98,55.81,466.0,41.29,61.21,457.0
NUECES COUNTY,DR M L GARZA-GONZALEZ CHARTER SCHOOL,48355,178801,14.0,30.25,210.0,16.1,35.42,221.0
HARRIS COUNTY,DRAW ACADEMY,48201,101856,33.0,75.66,649.0,34.01,79.82,707.0
HAYS COUNTY,DRIPPING SPRINGS ISD,48209,105904,450.07,893.29,6873.0,500.85,969.12,7283.0
NUECES COUNTY,DRISCOLL ISD,48355,178905,24.84,50.78,306.0,25.12,50.81,289.0
ERATH COUNTY,DUBLIN ISD,48143,72902,102.31,215.22,1209.0,89.81,189.95,1093.0
MOORE COUNTY,DUMAS ISD,48341,171901,319.55,639.39,4300.0,323.88,676.17,4170.0
DALLAS COUNTY,DUNCANVILLE ISD,48113,57907,801.29,1686.53,12700.0,823.68,1786.05,11748.0
TARRANT COUNTY,EAGLE MT-SAGINAW ISD,48439,220918,1224.57,2334.7,20054.0,1407.17,2662.14,21245.0
MCMULLEN COUNTY,EAGLE PASS ISD,48323,159901,852.62,1936.81,14561.0,826.54,1865.69,14028.0
TRAVIS COUNTY,EANES ISD,48453,227909,599.69,1123.6,8132.0,605.44,1084.62,7968.0
BROWN COUNTY,EARLY ISD,48049,25909,102.11,195.17,1192.0,105.59,201.08,1141.0
WHARTON COUNTY,EAST BERNARD ISD,48481,241902,81.9,128.78,951.0,85.89,128.01,931.0
BEXAR COUNTY,EAST CENTRAL ISD,48029,15911,602.46,1316.57,10041.0,604.85,1255.33,9770.0
CHAMBERS COUNTY,EAST CHAMBERS ISD,48071,36903,106.0,198.07,1511.0,114.87,213.72,1509.0
TARRANT COUNTY,EAST FORT WORTH MONTESSORI ACADEMY,48439,220811,18.77,37.44,302.0,13.82,29.82,220.0
EASTLAND COUNTY,EASTLAND ISD,48133,67903,88.47,163.34,1134.0,91.47,170.22,1072.0
ECTOR COUNTY,ECTOR COUNTY ISD,48135,68901,1916.76,3656.03,33268.0,1952.95,3833.38,31881.0
FANNIN COUNTY,ECTOR ISD,48147,74905,22.84,44.17,260.0,23.84,51.59,256.0
HIDALGO COUNTY,EDCOUCH-ELSA ISD,48215,108903,320.19,759.29,4935.0,310.33,752.64,4538.0
CONCHO COUNTY,EDEN CISD,48095,48901,18.16,36.97,218.0,18.76,39.12,232.0
VAN ZANDT COUNTY,EDGEWOOD ISD,48467,234903,78.01,144.08,993.0,80.12,151.99,963.0
HIDALGO COUNTY,EDINBURG CISD,48215,108904,2273.47,4718.95,34121.0,2244.39,4640.25,32797.0
JACKSON COUNTY,EDNA ISD,48239,120901,115.02,227.27,1567.0,118.32,233.95,1483.0
DALLAS COUNTY,EDUCATION CENTER INTERNATIONAL ACADEMY,48113,57833,45.8,71.55,595.0,47.0,68.75,543.0
JEFFERSON COUNTY,EHRHART SCHOOL,48245,123805,30.7,48.97,430.0,35.58,54.03,484.0
WHARTON COUNTY,EL CAMPO ISD,48481,241903,236.83,496.86,3682.0,233.44,501.6,3530.0
EL PASO COUNTY,EL PASO ISD,48141,71902,3899.89,7852.52,57315.0,3730.52,7753.47,50661.0
EL PASO COUNTY,EL PASO LEADERSHIP ACADEMY,48141,71810,14.94,26.48,207.0,14.0,24.8,210.0
BEXAR COUNTY,ELEANOR KOLITZ HEBREW LANGUAGE ACADEMY,48029,15836,24.2,34.22,337.0,31.78,47.44,466.0
WICHITA COUNTY,ELECTRA ISD,48485,243902,42.22,78.37,420.0,44.21,81.64,441.0
BASTROP COUNTY,ELGIN ISD,48021,11902,286.76,628.38,4457.0,297.63,674.42,4628.0
ANDERSON COUNTY,ELKHART ISD,48001,1903,106.0,185.22,1255.0,102.2,183.69,1200.0
HARRISON COUNTY,ELYSIAN FIELDS ISD,48203,102906,72.94,142.35,916.0,73.84,144.53,846.0
ELLIS COUNTY,ENNIS ISD,48139,70903,382.27,708.18,5850.0,397.23,752.64,5836.0
COOKE COUNTY,ERA ISD,48097,49906,37.56,61.32,485.0,36.62,63.24,472.0
NACOGDOCHES COUNTY,ETOILE ISD,48347,174910,13.9,26.42,131.0,12.0,29.15,91.0
CALLAHAN COUNTY,EULA ISD,48059,30906,40.02,76.4,441.0,42.13,76.77,454.0
HENDERSON COUNTY,EUSTACE ISD,48213,107905,122.65,254.69,1566.0,123.79,279.95,1592.0
JASPER COUNTY,EVADALE ISD,48241,121906,42.37,76.86,447.0,38.23,75.96,389.0
CORYELL COUNTY,EVANT ISD,48099,50901,21.5,46.14,234.0,23.13,48.9,273.0
TARRANT COUNTY,EVERMAN ISD,48439,220904,370.64,805.24,6174.0,409.17,878.09,5648.0
HARRIS COUNTY,EXCEL ACADEMY,48201,101811,38.01,84.61,444.0,28.0,56.8,206.0
HIDALGO COUNTY,EXCELLENCE IN LEADERSHIP ACADEMY,48215,108809,18.43,36.02,242.0,21.01,39.01,300.0
SHELBY COUNTY,EXCELSIOR ISD,48419,210906,10.74,20.85,89.0,10.73,21.45,71.0
LAVACA COUNTY,EZZELL ISD,48285,143906,8.52,15.53,92.0,8.12,15.69,77.0
EL PASO COUNTY,FABENS ISD,48141,71903,165.01,352.73,2239.0,150.74,336.58,2048.0
FREESTONE COUNTY,FAIRFIELD ISD,48161,81902,146.33,281.28,1814.0,139.89,279.42,1703.0
KARNES COUNTY,FALLS CITY ISD,48255,128904,33.22,57.35,363.0,33.09,65.28,408.0
FANNIN COUNTY,FANNINDEL ISD,48147,60914,17.5,39.47,168.0,17.0,42.0,159.0
COLLIN COUNTY,FARMERSVILLE ISD,48085,43904,114.44,209.97,1717.0,126.92,246.39,1884.0
PARMER COUNTY,FARWELL ISD,48369,185902,55.87,99.67,552.0,58.33,102.94,543.0
FAYETTE COUNTY,FAYETTEVILLE ISD,48149,75906,19.79,36.44,251.0,22.9,42.44,274.0
ELLIS COUNTY,FERRIS ISD,48139,70905,190.73,408.64,2709.0,202.69,439.35,2586.0
FAYETTE COUNTY,FLATONIA ISD,48149,75901,56.4,95.15,603.0,55.05,98.76,602.0
WILLIAMSON COUNTY,FLORENCE ISD,48491,246902,81.95,169.06,1086.0,84.9,178.62,1075.0
WILSON COUNTY,FLORESVILLE ISD,48493,247901,246.53,550.26,4057.0,248.67,515.16,3992.0
NUECES COUNTY,FLOUR BLUFF ISD,48355,178914,370.27,761.06,5693.0,360.66,727.47,5553.0
FLOYD COUNTY,FLOYDADA ISD,48153,77901,64.79,135.51,738.0,61.33,132.77,705.0
LIPSCOMB COUNTY,FOLLETT ISD,48295,148902,18.81,33.73,133.0,18.25,32.94,170.0
MONTAGUE COUNTY,FORESTBURG ISD,48337,169910,20.18,33.3,173.0,22.38,36.12,163.0
KAUFMAN COUNTY,FORNEY ISD,48257,129902,651.93,1205.31,11133.0,783.51,1460.23,12765.0
HOWARD COUNTY,FORSAN ISD,48227,114904,56.12,102.13,771.0,61.44,110.71,777.0
FORT BEND COUNTY,FORT BEND ISD,48157,79907,4661.58,9979.58,76122.0,5054.75,10695.87,76735.0
WHEELER COUNTY,FORT ELLIOTT CISD,48483,242906,17.99,37.03,136.0,17.51,36.86,144.0
PECOS COUNTY,FORT STOCKTON ISD,48371,186902,174.97,368.52,2469.0,182.64,379.26,2310.0
TARRANT COUNTY,FORT WORTH ACADEMY OF FINE ARTS,48439,220809,48.38,72.81,577.0,51.37,84.91,635.0
TARRANT COUNTY,FORT WORTH ISD,48439,220905,5778.24,11029.04,84510.0,5488.23,10648.11,76858.0
ROBERTSON COUNTY,FRANKLIN ISD,48395,198903,104.91,291.07,1249.0,108.55,220.66,1257.0
ANDERSON COUNTY,FRANKSTON ISD,48001,1904,64.47,129.62,804.0,65.4,132.6,769.0
GILLESPIE COUNTY,FREDERICKSBURG ISD,48171,86901,216.84,454.28,3126.0,232.22,479.06,3101.0
DUVAL COUNTY,FREER ISD,48131,66903,60.58,130.42,822.0,60.29,139.01,783.0
LUBBOCK COUNTY,FRENSHIP ISD,48303,152907,660.05,1201.88,9955.0,685.98,1235.46,10353.0
GALVESTON COUNTY,FRIENDSWOOD ISD,48167,84911,371.6,728.9,6070.0,384.5,781.8,6119.0
PARMER COUNTY,FRIONA ISD,48369,185903,100.05,216.92,1136.0,101.51,214.58,1086.0
COLLIN COUNTY,FRISCO ISD,48085,43905,4070.54,7048.17,60182.0,4388.91,7620.06,63493.0
NAVARRO COUNTY,FROST ISD,48349,175905,38.21,67.87,429.0,36.75,68.9,434.0
VAN ZANDT COUNTY,FRUITVALE ISD,48467,234909,36.48,79.03,425.0,34.48,83.09,430.0
JEFF DAVIS COUNTY,FT DAVIS ISD,48243,122901,24.71,42.51,228.0,21.95,39.66,197.0
HUDSPETH COUNTY,FT HANCOCK ISD,48229,115901,36.77,82.95,397.0,35.16,82.1,409.0
BEXAR COUNTY,FT SAM HOUSTON ISD,48029,15914,132.01,289.34,1590.0,133.47,300.09,1501.0
COOKE COUNTY,GAINESVILLE ISD,48097,49901,207.15,396.85,3195.0,206.6,395.56,3057.0
HARRIS COUNTY,GALENA PARK ISD,48201,101910,1358.81,3220.01,22289.0,1404.4,3225.69,21918.0
GALVESTON COUNTY,GALVESTON ISD,48167,84902,444.5,1017.87,7019.0,485.98,1067.14,6698.0
JACKSON COUNTY,GANADO ISD,48239,120902,60.66,113.3,774.0,60.16,112.62,713.0
DALLAS COUNTY,GARLAND ISD,48113,57909,3668.21,7306.72,55987.0,3609.3,7223.55,53921.0
PARKER COUNTY,GARNER ISD,48367,184911,14.02,29.01,201.0,16.27,37.17,216.0
NACOGDOCHES COUNTY,GARRISON ISD,48347,174903,61.54,129.6,708.0,58.9,94.81,691.0
PANOLA COUNTY,GARY ISD,48365,183904,40.35,71.6,468.0,43.09,75.22,472.0
CORYELL COUNTY,GATESVILLE ISD,48099,50902,201.97,398.04,2744.0,203.65,410.52,2790.0
DALLAS COUNTY,GATEWAY CHARTER ACADEMY,48113,57831,40.34,71.43,758.0,33.21,55.89,783.0
MILAM COUNTY,GAUSE ISD,48331,166902,14.83,28.88,166.0,14.94,27.93,167.0
BEXAR COUNTY,GEORGE GERVIN ACADEMY,48029,15802,60.75,139.34,1054.0,56.93,108.97,870.0
HARRIS COUNTY,GEORGE I SANCHEZ CHARTER,48201,101804,63.42,145.0,972.0,66.68,146.5,993.0
LIVE OAK COUNTY,GEORGE WEST ISD,48297,149901,78.68,169.16,1079.0,79.85,175.87,1033.0
WILLIAMSON COUNTY,GEORGETOWN ISD,48491,246904,857.61,1667.64,11759.0,940.41,1813.86,11866.0
MARION COUNTY,GHOLSON ISD,48309,161925,17.23,39.31,250.0,19.94,38.39,218.0
LEE COUNTY,GIDDINGS ISD,48287,144901,140.33,236.68,1871.0,143.2,241.2,1914.0
UPSHUR COUNTY,GILMER ISD,48459,230902,171.39,375.3,2493.0,201.37,442.12,2510.0
GREGG COUNTY,GLADEWATER ISD,48183,92901,145.6,295.88,1799.0,146.18,301.42,1755.0
GLASSCOCK COUNTY,GLASSCOCK COUNTY ISD,48173,87901,34.21,68.73,305.0,34.65,70.91,293.0
SOMERVELL COUNTY,GLEN ROSE ISD,48425,213901,137.06,261.15,1857.0,144.48,273.05,1921.0
JOHNSON COUNTY,GODLEY ISD,48251,126911,160.37,373.36,2181.0,190.92,451.45,2443.0
MONTAGUE COUNTY,GOLD BURG ISD,48337,169906,15.48,24.5,138.0,14.83,27.91,133.0
DALLAS COUNTY,GOLDEN RULE CHARTER SCHOOL,48113,57835,95.81,186.12,1532.0,115.44,228.09,1554.0
MILLS COUNTY,GOLDTHWAITE ISD,48333,167901,61.91,128.16,559.0,59.13,124.2,515.0
GOLIAD COUNTY,GOLIAD ISD,48175,88902,92.93,198.57,1330.0,99.64,222.96,1271.0
GONZALES COUNTY,GONZALES ISD,48177,89901,182.11,413.15,2872.0,182.21,412.45,2654.0
POLK COUNTY,GOODRICH ISD,48373,187903,17.99,45.39,241.0,19.4,49.79,254.0
WILLIAMSON COUNTY,GOODWATER MONTESSORI SCHOOL,48491,246802,13.8,34.45,349.0,17.16,41.17,342.0
HARRIS COUNTY,GOOSE CREEK CISD,48201,101911,1534.02,3384.26,23837.0,1604.14,3525.99,23318.0
PALO PINTO COUNTY,GORDON ISD,48363,182901,17.36,30.54,189.0,18.65,33.51,220.0
EASTLAND COUNTY,GORMAN ISD,48133,67904,27.95,74.79,304.0,30.43,80.04,276.0
MAVERICK COUNTY,GRADY ISD,48317,156905,20.65,39.0,255.0,20.71,41.77,226.0
PALO PINTO COUNTY,GRAFORD ISD,48363,182902,33.26,55.88,347.0,32.0,56.79,316.0
YOUNG COUNTY,GRAHAM ISD,48503,252901,167.86,334.47,2376.0,166.49,333.49,2279.0
HOOD COUNTY,GRANBURY ISD,48221,111901,467.2,891.69,7346.0,507.85,968.43,7469.0
DALLAS COUNTY,GRAND PRAIRIE ISD,48113,57910,1899.92,3795.44,29200.0,1858.38,3701.97,28230.0
VAN ZANDT COUNTY,GRAND SALINE ISD,48467,234904,76.99,171.35,1127.0,81.52,177.95,1115.0
WARD COUNTY,GRANDFALLS-ROYALTY ISD,48475,238904,15.66,27.01,182.0,17.9,34.79,166.0
JOHNSON COUNTY,GRANDVIEW ISD,48251,126904,93.95,153.9,1274.0,101.17,168.1,1342.0
GRAY COUNTY,GRANDVIEW-HOPKINS ISD,48179,90905,5.5,12.92,50.0,5.56,12.45,38.0
WILLIAMSON COUNTY,GRANGER ISD,48491,246905,37.0,68.44,446.0,38.12,73.9,449.0
TOM GREEN COUNTY,GRAPE CREEK ISD,48451,226907,93.42,173.59,1172.0,95.64,171.57,1099.0
HOUSTON COUNTY,GRAPELAND ISD,48225,113902,46.15,84.8,573.0,47.96,102.11,605.0
TARRANT COUNTY,GRAPEVINE-COLLEYVILLE ISD,48439,220906,962.39,1875.06,13941.0,1003.2,1919.31,13935.0
BEXAR COUNTY,GREAT HEARTS TEXAS,48029,15835,200.6,365.47,3615.0,326.13,638.01,6642.0
HUNT COUNTY,GREENVILLE ISD,48231,116905,356.25,722.62,5492.0,364.2,702.58,5277.0
MIDLAND COUNTY,GREENWOOD ISD,48329,165902,171.07,288.38,2844.0,203.61,355.9,2845.0
SAN PATRICIO COUNTY,GREGORY-PORTLAND ISD,48409,205902,318.39,636.08,4673.0,325.58,632.31,4720.0
LIMESTONE COUNTY,GROESBECK ISD,48293,147902,123.64,264.07,1687.0,119.7,261.56,1522.0
CARSON COUNTY,GROOM ISD,48065,33901,18.39,30.42,163.0,18.64,32.89,137.0
TRINITY COUNTY,GROVETON ISD,48455,228901,63.88,133.4,739.0,66.35,141.42,762.0
HANSFORD COUNTY,GRUVER ISD,48195,98901,46.86,86.04,459.0,46.49,88.51,439.0
GRAYSON COUNTY,GUNTER ISD,48181,91917,92.01,226.81,969.0,98.49,256.51,1024.0
COMANCHE COUNTY,GUSTINE ISD,48093,47903,17.45,33.87,148.0,18.51,38.9,150.0
KING COUNTY,GUTHRIE CSD,48269,135001,19.59,32.0,106.0,18.98,31.6,127.0
HALE COUNTY,HALE CENTER ISD,48189,95903,53.43,106.66,647.0,53.73,106.43,618.0
LAVACA COUNTY,HALLETTSVILLE ISD,48285,143901,79.73,164.71,1131.0,82.58,167.37,1116.0
MARION COUNTY,HALLSBURG ISD,48309,161924,11.0,21.71,171.0,11.97,22.72,164.0
HARRISON COUNTY,HALLSVILLE ISD,48203,102904,363.04,692.46,9486.0,375.99,736.08,15267.0
HAMILTON COUNTY,HAMILTON ISD,48193,97902,74.5,132.77,832.0,78.02,133.56,792.0
JONES COUNTY,HAMLIN COLLEGIATE ISD,48253,127903,31.36,60.65,395.0,32.38,70.84,443.0
JEFFERSON COUNTY,HAMSHIRE-FANNETT ISD,48245,123914,132.39,227.95,1934.0,140.28,249.15,1897.0
SWISHER COUNTY,HAPPY ISD,48437,219901,25.32,45.5,259.0,26.44,47.96,269.0
LIBERTY COUNTY,HARDIN ISD,48291,146904,103.05,202.2,1430.0,110.93,223.95,1225.0
HARDIN COUNTY,HARDIN-JEFFERSON ISD,48199,100905,161.74,306.58,2341.0,168.22,341.73,2481.0
BEXAR COUNTY,HARLANDALE ISD,48029,15904,964.87,2111.62,14086.0,953.06,2170.89,12522.0
HARRISON COUNTY,HARLETON ISD,48203,102905,62.7,119.45,716.0,64.98,125.15,714.0
CAMERON COUNTY,HARLINGEN CISD,48061,31903,1249.88,2786.93,18620.0,1241.85,2744.47,17882.0
UPSHUR COUNTY,HARMONY ISD,48459,230905,86.26,162.19,1097.0,90.53,175.25,1025.0
HARRIS COUNTY,HARMONY SCHOOL OF EXCELLENCE,48201,101858,333.01,539.03,5026.0,355.71,598.29,5987.0
HARRIS COUNTY,HARMONY SCHOOL OF SCIENCE - HOUSTON,48201,101862,236.22,387.35,3782.0,242.87,412.42,3992.0
EL PASO COUNTY,HARMONY SCIENCE ACAD (EL PASO),48141,71806,249.41,386.0,3565.0,260.5,441.37,4141.0
BEXAR COUNTY,HARMONY SCIENCE ACAD (SAN ANTONIO),48029,15828,296.11,494.55,4512.0,297.4,515.06,4436.0
FORT BEND COUNTY,HARMONY SCIENCE ACADEMY,48157,101846,222.4,385.02,3312.0,227.62,393.76,3677.0
TRAVIS COUNTY,HARMONY SCIENCE ACADEMY (AUSTIN),48453,227816,264.26,431.75,4025.0,270.38,455.84,4517.0
GILLESPIE COUNTY,HARPER ISD,48171,86902,50.14,91.22,578.0,49.64,89.78,554.0
WILBARGER COUNTY,HARROLD ISD,48487,244901,14.19,22.4,107.0,14.2,23.75,107.0
CASTRO COUNTY,HART ISD,48069,35902,25.5,55.55,213.0,19.84,43.32,212.0
HARTLEY COUNTY,HARTLEY ISD,48205,103902,21.05,40.5,223.0,20.51,41.04,236.0
TITUS COUNTY,HARTS BLUFF ISD,48449,225907,42.42,81.02,633.0,56.81,106.71,700.0
HASKELL COUNTY,HASKELL CISD,48207,104901,65.56,114.78,566.0,63.66,110.8,550.0
WOOD COUNTY,HAWKINS ISD,48499,250902,59.98,124.04,716.0,60.75,123.82,657.0
JONES COUNTY,HAWLEY ISD,48253,127904,74.22,130.82,784.0,75.69,133.8,780.0
HAYS COUNTY,HAYS CISD,48209,105906,1247.94,2593.57,19925.0,1374.82,2831.52,20322.0
ROBERTSON COUNTY,HEARNE ISD,48395,198905,67.97,154.89,821.0,71.89,159.21,721.0
DONLEY COUNTY,HEDLEY ISD,48129,65902,16.83,27.27,111.0,17.35,27.82,113.0
SABINE COUNTY,HEMPHILL ISD,48403,202903,73.01,153.34,897.0,76.0,154.0,879.0
WALLER COUNTY,HEMPSTEAD ISD,48473,237902,130.42,262.69,1585.0,117.47,246.9,1511.0
RUSK COUNTY,HENDERSON ISD,48401,201902,233.58,477.15,3417.0,227.24,507.0,3344.0
CLAY COUNTY,HENRIETTA ISD,48077,39902,76.78,162.09,935.0,77.75,166.32,908.0
DEAF SMITH COUNTY,HEREFORD ISD,48117,59901,295.5,596.51,4109.0,289.62,587.1,3868.0
BEXAR COUNTY,HERITAGE ACADEMY,48029,15815,41.06,67.05,635.0,46.82,73.7,617.0
SCURRY COUNTY,HERMLEIGH ISD,48415,208901,20.01,37.67,244.0,21.41,40.71,265.0
HAMILTON COUNTY,HICO ISD,48193,97903,51.24,86.38,605.0,53.11,89.05,569.0
HIDALGO COUNTY,HIDALGO ISD,48215,108905,221.22,515.17,3253.0,218.88,509.14,2996.0
GALVESTON COUNTY,HIGH ISLAND ISD,48167,84903,11.96,28.91,142.0,16.24,37.55,171.0
TARRANT COUNTY,HIGH POINT ACADEMY,48439,220819,98.1,138.7,1401.0,121.53,179.55,1588.0
NOLAN COUNTY,HIGHLAND ISD,48353,177905,21.01,43.0,239.0,22.0,44.0,218.0
DALLAS COUNTY,HIGHLAND PARK ISD,48113,57911,440.42,818.73,6840.0,455.03,857.83,6648.0
HILL COUNTY,HILLSBORO ISD,48217,109904,163.04,286.0,2006.0,161.24,289.72,1876.0
GALVESTON COUNTY,HITCHCOCK ISD,48167,84908,114.44,279.39,1748.0,114.53,294.63,1644.0
BELL COUNTY,HOLLAND ISD,48027,14905,58.32,124.63,656.0,62.13,136.72,654.0
ARCHER COUNTY,HOLLIDAY ISD,48009,5902,75.72,128.46,1048.0,79.0,134.57,1069.0
MEDINA COUNTY,HONDO ISD,48325,163904,149.57,292.18,1928.0,143.51,280.88,1823.0
FANNIN COUNTY,HONEY GROVE ISD,48147,74907,45.13,94.13,646.0,47.35,97.47,623.0
BOWIE COUNTY,HOOKS ISD,48037,19902,73.89,138.15,908.0,72.48,143.37,844.0
HIDALGO COUNTY,HORIZON MONTESSORI PUBLIC SCHOOLS,48215,108802,84.91,199.02,1324.0,88.29,201.18,1280.0
HARRIS COUNTY,HOUSTON GATEWAY ACADEMY INC,48201,101828,117.01,199.01,2409.0,104.0,162.0,2234.0
HARRIS COUNTY,HOUSTON ISD,48201,101912,11967.4,25183.24,209772.0,11750.11,25017.55,196943.0
GRAYSON COUNTY,HOWE ISD,48181,91905,89.67,155.44,1265.0,94.9,173.05,1224.0
BOWIE COUNTY,HUBBARD ISD,48037,19913,9.43,17.01,107.0,9.72,18.82,77.0
ERATH COUNTY,HUCKABAY ISD,48143,72908,20.73,35.02,236.0,24.48,41.49,284.0
ANGELINA COUNTY,HUDSON ISD,48005,3902,200.07,396.89,2959.0,208.61,416.82,2773.0
HARRIS COUNTY,HUFFMAN ISD,48201,101925,220.17,463.57,3546.0,225.65,476.89,3439.0
CASS COUNTY,HUGHES SPRINGS ISD,48067,34903,97.77,192.72,1224.0,105.33,199.18,1121.0
LIBERTY COUNTY,HULL-DAISETTA ISD,48291,146905,47.65,101.59,479.0,46.04,108.85,461.0
HARRIS COUNTY,HUMBLE ISD,48201,101913,2775.78,5426.1,43553.0,3123.61,5912.35,45528.0
KERR COUNTY,HUNT ISD,48265,133902,15.45,30.21,204.0,16.43,32.04,184.0
ANGELINA COUNTY,HUNTINGTON ISD,48005,3904,130.11,265.61,1660.0,126.05,261.5,1572.0
WALKER COUNTY,HUNTSVILLE ISD,48471,236902,399.67,859.84,8928.0,406.31,909.81,10858.0
TARRANT COUNTY,HURST-EULESS-BEDFORD ISD,48439,220916,1403.08,2605.35,23686.0,1448.13,2654.03,22962.0
WILLIAMSON COUNTY,HUTTO ISD,48491,246906,490.74,1012.08,7592.0,568.94,1147.44,8421.0
LUBBOCK COUNTY,IDALOU ISD,48303,152910,78.19,125.74,1014.0,82.36,134.74,961.0
COLLIN COUNTY,IMAGINE INTERNATIONAL ACADEMY OF NORTH TEXAS,48085,43801,71.47,71.47,1406.0,76.51,79.51,1435.0
JACKSON COUNTY,INDUSTRIAL ISD,48239,120905,86.94,158.72,1162.0,94.97,182.73,1195.0
SAN PATRICIO COUNTY,INGLESIDE ISD,48409,205903,138.83,240.44,2155.0,138.75,320.38,2052.0
KERR COUNTY,INGRAM ISD,48265,133904,80.79,167.99,1168.0,87.33,179.82,1102.0
BEXAR COUNTY,INSPIRE ACADEMIES,48029,15808,65.74,148.42,864.0,36.91,88.62,575.0
DALLAS COUNTY,INSPIRED VISION ACADEMY,48113,57830,80.21,179.82,1353.0,78.09,191.81,1290.0
DALLAS COUNTY,INTERNATIONAL LEADERSHIP OF TEXAS (ILTEXAS),48113,57848,1183.61,1871.73,18261.0,1263.88,2045.31,20853.0
GRIMES COUNTY,IOLA ISD,48185,93903,42.52,76.04,527.0,48.82,87.08,535.0
WICHITA COUNTY,IOWA PARK CISD,48485,243903,132.03,246.91,1915.0,138.11,268.91,1898.0
SCURRY COUNTY,IRA ISD,48415,208903,22.39,36.66,267.0,20.73,36.46,273.0
PECOS COUNTY,IRAAN-SHEFFIELD ISD,48371,186903,41.47,83.86,400.0,26.48,62.82,338.0
BOSQUE COUNTY,IREDELL ISD,48035,18906,15.49,26.54,143.0,17.0,26.3,145.0
IRION COUNTY,IRION COUNTY ISD,48235,118902,28.42,52.99,266.0,31.0,59.0,323.0
DALLAS COUNTY,IRVING ISD,48113,57912,2220.83,4027.1,33464.0,2191.87,4256.65,32682.0
ELLIS COUNTY,ITALY ISD,48139,70907,51.4,111.12,602.0,55.49,122.5,621.0
HILL COUNTY,ITASCA ISD,48217,109907,55.03,113.92,691.0,51.57,108.39,616.0
JACK COUNTY,JACKSBORO ISD,48237,119902,78.63,140.07,1057.0,84.5,160.41,1062.0
CHEROKEE COUNTY,JACKSONVILLE ISD,48073,37904,343.28,781.92,4857.0,335.18,791.02,4668.0
WILLIAMSON COUNTY,JARRELL ISD,48491,246907,120.66,242.31,1896.0,162.35,317.22,2305.0
JASPER COUNTY,JASPER ISD,48241,121904,179.93,388.46,2444.0,175.93,386.24,2234.0
KENT COUNTY,JAYTON-GIRARD ISD,48263,132902,19.54,39.27,152.0,20.14,42.08,176.0
TARRANT COUNTY,JEAN MASSIEU ACADEMY,48439,57819,16.31,26.29,195.0,14.15,23.91,195.0
MATAGORDA COUNTY,JEFFERSON ISD,48315,155901,102.23,215.27,1324.0,101.43,229.05,1227.0
JIM HOGG COUNTY,JIM HOGG COUNTY ISD,48247,124901,85.99,187.97,1156.0,80.66,165.99,1142.0
TAYLOR COUNTY,JIM NED CISD,48441,221911,93.99,188.64,1254.0,104.27,212.42,1414.0
SHELBY COUNTY,JOAQUIN ISD,48419,210902,54.31,109.13,671.0,52.41,104.92,671.0
BLANCO COUNTY,JOHNSON CITY ISD,48031,16901,53.66,101.93,650.0,57.23,112.33,614.0
HAMILTON COUNTY,JONESBORO ISD,48193,50909,23.0,45.77,328.0,24.9,50.96,313.0
JOHNSON COUNTY,JOSHUA ISD,48251,126905,404.41,737.22,5585.0,404.83,776.53,5490.0
ATASCOSA COUNTY,JOURDANTON ISD,48013,7902,116.81,210.26,1607.0,121.52,227.05,1562.0
BEXAR COUNTY,JUBILEE ACADEMIES,48029,15822,334.52,761.75,5957.0,371.82,885.15,6166.0
BEXAR COUNTY,JUDSON ISD,48029,15916,1612.75,3270.1,22870.0,1628.06,3056.1,23825.0
KIMBLE COUNTY,JUNCTION ISD,48267,134901,57.93,95.72,605.0,58.32,100.61,599.0
HARRISON COUNTY,KARNACK ISD,48203,102901,13.0,33.6,126.0,12.9,35.74,143.0
KARNES COUNTY,KARNES CITY ISD,48255,128901,93.63,216.06,1125.0,85.63,205.92,1315.0
FORT BEND COUNTY,KATY ISD,48157,101914,5273.92,10272.95,79913.0,5881.77,11552.76,84176.0
KAUFMAN COUNTY,KAUFMAN ISD,48257,129903,268.96,508.33,4045.0,271.67,522.76,4025.0
JOHNSON COUNTY,KEENE ISD,48251,126906,86.34,159.69,1074.0,87.5,152.78,1082.0
TARRANT COUNTY,KELLER ISD,48439,220907,2337.53,3872.26,35088.0,2508.67,4437.13,34319.0
WHEELER COUNTY,KELTON ISD,48483,242905,15.42,23.92,90.0,13.01,20.01,119.0
KAUFMAN COUNTY,KEMP ISD,48257,129904,120.17,230.13,1663.0,130.2,245.31,1654.0
KENEDY COUNTY,KENEDY COUNTY WIDE CSD,48261,131001,10.99,24.84,64.0,10.99,25.78,89.0
KARNES COUNTY,KENEDY ISD,48255,128902,60.63,135.66,735.0,60.99,128.97,725.0
HOUSTON COUNTY,KENNARD ISD,48225,113906,24.32,52.99,256.0,22.69,47.45,223.0
TARRANT COUNTY,KENNEDALE ISD,48439,220914,202.03,388.15,3074.0,207.27,395.81,2885.0
NAVARRO COUNTY,KERENS ISD,48349,175907,48.08,94.02,585.0,48.62,104.67,570.0
WINKLER COUNTY,KERMIT ISD,48495,248901,82.62,193.4,1478.0,94.25,217.37,1275.0
KERR COUNTY,KERRVILLE ISD,48265,133903,327.5,648.77,4957.0,313.06,652.21,4781.0
HAYS COUNTY,KI CHARTER ACADEMY,48209,105803,21.02,44.08,176.0,34.05,73.08,276.0
GREGG COUNTY,KILGORE ISD,48183,92902,280.48,554.4,4086.0,265.82,543.24,3948.0
BELL COUNTY,KILLEEN ISD,48027,14906,2942.67,6332.07,44974.0,2783.97,6174.34,43838.0
KLEBERG COUNTY,KINGSVILLE ISD,48273,137901,206.76,448.32,3316.0,210.7,482.15,2861.0
HARRIS COUNTY,KIPP TEXAS PUBLIC SCHOOLS,48201,227820,1361.98,2947.56,27048.0,1612.94,3379.01,31200.0
JASPER COUNTY,KIRBYVILLE CISD,48241,121905,104.67,211.31,1508.0,108.0,214.02,1401.0
HARRIS COUNTY,KLEIN ISD,48201,101915,3518.66,7046.82,53328.0,3617.09,7303.63,52824.0
DAWSON COUNTY,KLONDIKE ISD,48115,58905,23.89,43.75,261.0,23.56,44.87,264.0
UVALDE COUNTY,KNIPPA ISD,48463,232901,36.26,58.11,460.0,31.62,56.65,456.0
KNOX COUNTY,KNOX CITY-O'BRIEN CISD,48275,138902,29.55,66.54,269.0,29.34,61.39,239.0
BOSQUE COUNTY,KOPPERL ISD,48035,18907,17.68,36.97,201.0,18.27,36.34,184.0
HARDIN COUNTY,KOUNTZE ISD,48199,100903,95.37,190.24,1136.0,87.55,186.15,1086.0
SWISHER COUNTY,KRESS ISD,48437,219905,22.58,46.93,256.0,25.3,53.79,277.0
DENTON COUNTY,KRUM ISD,48121,61905,157.85,297.31,2049.0,162.04,316.81,2101.0
DALLAS COUNTY,LA ACADEMIA DE ESTRELLAS,48113,57839,61.44,138.62,1096.0,60.95,136.14,1017.0
EL PASO COUNTY,LA FE PREPARATORY SCHOOL,48141,71807,21.0,40.07,235.0,18.0,33.0,180.0
CAMERON COUNTY,LA FERIA ISD,48061,31905,220.71,519.47,3320.0,214.72,482.73,3094.0
JIM WELLS COUNTY,LA GLORIA ISD,48249,125906,7.5,15.5,123.0,7.51,16.51,106.0
FAYETTE COUNTY,LA GRANGE ISD,48149,75902,141.82,238.31,1915.0,141.1,244.51,1876.0
HIDALGO COUNTY,LA JOYA ISD,48215,108912,1885.3,4222.33,28024.0,1886.46,4175.63,26638.0
HARRIS COUNTY,LA PORTE ISD,48201,101916,488.8,1058.93,7384.0,482.92,1068.95,6999.0
ZAVALA COUNTY,LA PRYOR ISD,48507,254902,41.97,83.46,503.0,46.17,89.02,527.0
MARION COUNTY,LA VEGA ISD,48309,161906,209.66,460.07,3140.0,213.98,477.57,3069.0
WILSON COUNTY,LA VERNIA ISD,48493,247903,219.02,438.54,3402.0,212.79,445.0,3223.0
HIDALGO COUNTY,LA VILLA ISD,48215,108914,45.42,100.83,555.0,44.26,93.7,597.0
BEXAR COUNTY,LACKLAND ISD,48029,15913,82.45,184.56,1076.0,88.49,186.33,890.0
TRAVIS COUNTY,LAGO VISTA ISD,48453,227912,93.39,158.76,1530.0,106.13,182.06,1625.0
DENTON COUNTY,LAKE DALLAS ISD,48121,61912,284.17,576.27,4031.0,291.61,582.31,3871.0
HOOD COUNTY,LAKE GRANBURY ACADEMY CHARTER SCHOOL,48221,111801,4.81,11.54,77.0,4.87,7.01,71.0
TRAVIS COUNTY,LAKE TRAVIS ISD,48453,227913,602.56,1118.33,10738.0,669.87,1231.7,11001.0
TARRANT COUNTY,LAKE WORTH ISD,48439,220910,240.39,508.93,3371.0,254.93,540.32,3311.0
FORT BEND COUNTY,LAMAR CISD,48157,79901,2075.88,4010.33,33444.0,2299.32,4427.93,36519.0
DAWSON COUNTY,LAMESA ISD,48115,58906,121.71,306.6,1886.0,116.74,300.76,1729.0
LAMPASAS COUNTY,LAMPASAS ISD,48281,141901,227.85,509.43,3358.0,246.5,546.46,3416.0
DALLAS COUNTY,LANCASTER ISD,48113,57913,433.98,915.82,7348.0,435.12,876.34,7176.0
RUSK COUNTY,LANEVILLE ISD,48401,201903,16.81,35.71,164.0,18.03,36.07,163.0
HENDERSON COUNTY,LAPOYNOR ISD,48213,107910,35.12,65.63,470.0,38.81,76.23,474.0
WEBB COUNTY,LAREDO ISD,48479,240901,1445.25,3691.06,23645.0,1489.18,3692.4,22041.0
WILLACY COUNTY,LASARA ISD,48489,245901,31.99,76.66,368.0,28.06,68.83,313.0
HOUSTON COUNTY,LATEXO ISD,48225,113905,34.94,64.57,446.0,43.54,73.34,464.0
PARMER COUNTY,LAZBUDDIE ISD,48369,185904,17.64,34.77,168.0,18.53,36.81,182.0
DENTON COUNTY,LEADERSHIP PREP SCHOOL,48121,61804,69.66,100.21,1242.0,69.99,109.28,1347.0
REAL COUNTY,LEAKEY ISD,48385,193902,27.15,53.86,290.0,26.45,53.55,286.0
WILLIAMSON COUNTY,LEANDER ISD,48491,246913,2689.95,4947.4,40031.0,2918.41,5262.49,40355.0
BOWIE COUNTY,LEARY ISD,48037,19914,12.0,19.85,119.0,10.98,18.95,103.0
GRAY COUNTY,LEFORS ISD,48179,90902,14.96,29.51,163.0,18.86,33.07,169.0
DALLAS COUNTY,LEGACY PREPARATORY,48113,57846,85.08,146.85,1390.0,103.8,174.84,1513.0
POLK COUNTY,LEGGETT ISD,48373,187906,16.99,30.49,167.0,16.0,33.95,204.0
LEON COUNTY,LEON ISD,48289,145911,62.39,117.75,746.0,60.14,115.78,735.0
FANNIN COUNTY,LEONARD ISD,48147,74909,65.17,124.52,878.0,64.37,131.79,831.0
HOCKLEY COUNTY,LEVELLAND ISD,48219,110902,219.3,439.34,2917.0,222.93,445.42,2799.0
RUSK COUNTY,LEVERETTS CHAPEL ISD,48401,201904,25.37,46.28,252.0,25.99,46.67,237.0
DENTON COUNTY,LEWISVILLE ISD,48121,61902,3667.04,6398.02,52218.0,3691.7,6363.81,49361.0
LEE COUNTY,LEXINGTON ISD,48287,144902,83.45,156.29,1026.0,81.76,149.39,1059.0
WILLIAMSON COUNTY,LIBERTY HILL ISD,48491,246908,294.53,588.55,4390.0,369.36,694.71,5539.0
LIBERTY COUNTY,LIBERTY ISD,48291,146906,137.1,382.64,2227.0,147.31,384.69,2227.0
BOWIE COUNTY,LIBERTY-EYLAU ISD,48037,19908,186.94,376.27,2465.0,199.96,411.1,2282.0
ELLIS COUNTY,LIFE SCHOOL,48139,57807,347.38,614.28,5704.0,342.04,640.0,5547.0
BEXAR COUNTY,LIGHTHOUSE PUBLIC SCHOOLS,48029,15825,20.69,38.67,332.0,18.99,36.96,323.0
SMITH COUNTY,LINDALE ISD,48423,212903,283.57,605.03,4115.0,293.3,650.69,4148.0
CASS COUNTY,LINDEN-KILDARE CISD,48067,34905,63.0,118.22,689.0,66.67,130.99,626.0
COOKE COUNTY,LINDSAY ISD,48097,49907,39.8,65.24,522.0,42.33,67.03,489.0
ERATH COUNTY,LINGLEVILLE ISD,48143,72909,27.05,47.56,279.0,27.0,51.09,278.0
HOOD COUNTY,LIPAN ISD,48221,111902,35.26,56.32,436.0,38.71,66.87,413.0
ORANGE COUNTY,LITTLE CYPRESS-MAURICEVILLE CISD,48361,181908,229.39,491.25,3170.0,234.33,488.36,3194.0
DENTON COUNTY,LITTLE ELM ISD,48121,61914,469.93,868.28,7769.0,489.6,919.82,8108.0
LAMB COUNTY,LITTLEFIELD ISD,48279,140904,95.65,198.6,1355.0,95.81,199.69,1268.0
POLK COUNTY,LIVINGSTON ISD,48373,187907,271.21,532.17,3963.0,270.54,517.34,3804.0
LLANO COUNTY,LLANO ISD,48299,150901,135.17,284.01,1780.0,138.95,286.42,1731.0
CALDWELL COUNTY,LOCKHART ISD,48055,28902,372.01,669.16,6118.0,385.23,730.2,6043.0
FLOYD COUNTY,LOCKNEY ISD,48153,77902,45.29,92.2,450.0,41.63,90.42,456.0
MADISON COUNTY,LOHN ISD,48307,160905,12.95,23.88,75.0,13.95,27.47,102.0
LAMPASAS COUNTY,LOMETA ISD,48281,141902,25.08,53.03,289.0,27.86,57.45,316.0
NUECES COUNTY,LONDON ISD,48355,178906,69.66,124.67,1107.0,84.24,149.92,1280.0
HUNT COUNTY,LONE OAK ISD,48231,116906,86.63,167.88,1006.0,77.52,155.64,967.0
COLLIN COUNTY,LONE STAR LANGUAGE ACADEMY,48085,43802,15.75,23.75,171.0,15.86,19.85,206.0
GREGG COUNTY,LONGVIEW ISD,48183,92903,588.93,1171.5,8621.0,608.6,1232.68,8254.0
GAINES COUNTY,LOOP ISD,48165,83902,16.69,32.16,137.0,17.25,32.49,146.0
MITCHELL COUNTY,LORAINE ISD,48335,168902,17.54,35.81,158.0,18.18,36.61,143.0
MARION COUNTY,LORENA ISD,48309,161907,121.6,243.06,1728.0,124.95,248.13,1741.0
CROSBY COUNTY,LORENZO ISD,48107,54902,29.56,75.6,271.0,24.49,73.47,229.0
CAMERON COUNTY,LOS FRESNOS CISD,48061,31906,668.27,1544.23,10739.0,665.91,1546.28,10529.0
WHARTON COUNTY,LOUISE ISD,48481,241906,41.99,78.78,510.0,42.38,79.74,493.0
COLLIN COUNTY,LOVEJOY ISD,48085,43919,292.09,586.01,4272.0,285.58,590.94,4206.0
HOUSTON COUNTY,LOVELADY ISD,48225,113903,49.83,89.34,534.0,49.41,86.24,512.0
LUBBOCK COUNTY,LUBBOCK ISD,48303,152901,1969.7,3393.64,27759.0,2003.97,3475.34,26451.0
LUBBOCK COUNTY,LUBBOCK-COOPER ISD,48303,152906,501.07,907.62,6571.0,547.78,975.92,7115.0
JONES COUNTY,LUEDERS-AVOCA ISD,48253,127905,15.97,28.39,107.0,17.21,30.38,107.0
ANGELINA COUNTY,LUFKIN ISD,48005,3903,582.08,1278.68,7861.0,592.97,1320.52,7432.0
CALDWELL COUNTY,LULING ISD,48055,28903,95.94,183.92,1403.0,95.49,187.23,1418.0
HARDIN COUNTY,LUMBERTON ISD,48199,100907,259.07,495.33,4037.0,275.87,516.03,4144.0
DALLAS COUNTY,LUMIN EDUCATION,48113,57805,18.47,49.84,296.0,18.38,51.76,256.0
WILLACY COUNTY,LYFORD CISD,48489,245902,108.52,270.98,1474.0,100.22,260.76,1449.0
ATASCOSA COUNTY,LYTLE ISD,48013,7904,114.47,268.19,1726.0,135.05,305.44,1760.0
KAUFMAN COUNTY,MABANK ISD,48257,129905,248.73,512.11,3566.0,252.97,529.2,3544.0
MASON COUNTY,MADISONVILLE CISD,48313,154901,168.38,304.64,2399.0,171.22,310.35,2294.0
MONTGOMERY COUNTY,MAGNOLIA ISD,48339,170906,819.16,1499.98,13264.0,870.52,1711.62,13122.0
HENDERSON COUNTY,MALAKOFF ISD,48213,107906,104.01,224.04,1388.0,111.61,240.08,1361.0
HILL COUNTY,MALONE ISD,48217,109908,12.74,34.6,178.0,13.57,31.68,165.0
BOWIE COUNTY,MALTA ISD,48037,19910,15.82,23.91,229.0,16.91,26.2,219.0
DALLAS COUNTY,MANARA ACADEMY,48113,57844,61.95,95.06,892.0,50.51,64.75,659.0
TRAVIS COUNTY,MANOR ISD,48453,227907,626.27,1365.6,9463.0,638.77,1331.38,9238.0
TARRANT COUNTY,MANSFIELD ISD,48439,220908,2263.04,4327.2,35293.0,2273.9,4364.0,35127.0
BREWSTER COUNTY,MARATHON ISD,48043,22902,9.85,15.95,55.0,12.0,18.91,60.0
BURNET COUNTY,MARBLE FALLS ISD,48053,27904,315.75,671.8,4270.0,314.95,678.62,4099.0
PRESIDIO COUNTY,MARFA ISD,48377,189901,32.58,59.41,340.0,29.98,60.63,294.0
GUADALUPE COUNTY,MARION ISD,48187,94904,104.24,198.52,1486.0,116.37,201.2,1483.0
FALLS COUNTY,MARLIN ISD,48145,73903,74.08,186.43,880.0,67.71,191.3,881.0
HARRISON COUNTY,MARSHALL ISD,48203,102902,353.46,726.74,5341.0,359.05,764.09,5064.0
MARION COUNTY,MART ISD,48309,161908,43.06,78.13,516.0,42.72,78.8,541.0
VAN ZANDT COUNTY,MARTINS MILL ISD,48467,234905,43.29,78.63,524.0,43.57,78.88,457.0
NACOGDOCHES COUNTY,MARTINSVILLE ISD,48347,174909,33.07,54.77,409.0,32.91,58.18,341.0
MCCULLOCH COUNTY,MASON ISD,48319,157901,71.32,115.97,715.0,70.87,121.57,716.0
MCLENNAN COUNTY,MATAGORDA ISD,48321,158904,11.0,24.0,133.0,11.0,22.01,106.0
SAN PATRICIO COUNTY,MATHIS ISD,48409,205904,116.5,267.82,1627.0,106.79,252.15,1504.0
BOWIE COUNTY,MAUD ISD,48037,19903,37.9,72.2,468.0,38.75,75.86,478.0
BROWN COUNTY,MAY ISD,48049,25905,24.92,43.08,266.0,27.01,48.86,253.0
ELLIS COUNTY,MAYPEARL ISD,48139,70915,76.99,165.18,1184.0,79.52,166.77,1161.0
HIDALGO COUNTY,MCALLEN ISD,48215,108906,1564.11,3265.27,22875.0,1547.44,3334.68,21602.0
UPTON COUNTY,MCCAMEY ISD,48461,231901,42.11,95.67,570.0,44.37,102.8,494.0
BASTROP COUNTY,MCDADE ISD,48021,11905,37.37,63.51,382.0,32.73,66.31,334.0
MARION COUNTY,MCGREGOR ISD,48309,161909,120.09,252.3,1426.0,110.83,247.24,1478.0
COLLIN COUNTY,MCKINNEY ISD,48085,43907,1656.31,2793.1,24717.0,1642.76,2762.98,23398.0
GRAY COUNTY,MCLEAN ISD,48179,90903,20.42,36.94,236.0,20.5,39.34,201.0
CASS COUNTY,MCLEOD ISD,48067,34906,31.5,64.86,388.0,35.89,65.25,396.0
MARTIN COUNTY,MCMULLEN COUNTY ISD,48311,162904,25.67,50.78,289.0,25.53,51.54,267.0
TERRY COUNTY,MEADOW ISD,48445,223902,28.31,49.23,289.0,31.65,51.11,265.0
KENDALL COUNTY,MEADOWLAND CHARTER DISTRICT,48259,130801,13.78,37.94,123.0,11.35,23.0,82.0
BANDERA COUNTY,MEDINA ISD,48019,10901,30.03,72.22,306.0,33.45,73.75,274.0
MEDINA COUNTY,MEDINA VALLEY ISD,48325,163908,332.13,732.05,5455.0,388.16,820.2,6134.0
COLLIN COUNTY,MELISSA ISD,48085,43908,190.68,342.97,3163.0,256.24,448.2,4104.0
HALL COUNTY,MEMPHIS ISD,48191,96904,43.37,107.59,488.0,43.87,110.34,443.0
MENARD COUNTY,MENARD ISD,48327,164901,28.0,61.83,305.0,27.0,63.0,279.0
HIDALGO COUNTY,MERCEDES ISD,48215,108907,373.94,834.11,5275.0,325.5,725.97,4681.0
BOSQUE COUNTY,MERIDIAN ISD,48035,18902,49.98,107.62,477.0,44.27,94.7,418.0
WILLIAMSON COUNTY,MERIDIAN WORLD SCHOOL LLC,48491,246801,107.41,187.79,1648.0,110.06,203.68,1682.0
TAYLOR COUNTY,MERKEL ISD,48441,221904,97.86,180.66,1140.0,100.31,179.51,1097.0
DALLAS COUNTY,MESQUITE ISD,48113,57914,2632.48,5215.05,40379.0,2629.14,5319.98,38527.0
LIMESTONE COUNTY,MEXIA ISD,48293,147903,146.6,323.81,1892.0,151.99,330.66,1844.0
HARRIS COUNTY,MEYERPARK ELEMENTARY,48201,101855,16.18,30.79,278.0,16.63,29.95,260.0
DEWITT COUNTY,MEYERSVILLE ISD,48123,62906,9.05,16.62,132.0,11.64,24.03,166.0
ROBERTS COUNTY,MIAMI ISD,48393,197902,22.19,36.1,219.0,22.08,39.69,195.0
MIDLAND COUNTY,MIDLAND ACADEMY CHARTER SCHOOL,48329,165802,28.72,47.51,423.0,29.0,44.96,370.0
MIDLAND COUNTY,MIDLAND ISD,48329,165901,1568.65,2731.77,26183.0,1661.17,3012.56,25579.0
ELLIS COUNTY,MIDLOTHIAN ISD,48139,70908,575.57,1070.2,9389.0,614.21,1186.08,9838.0
CLAY COUNTY,MIDWAY ISD,48077,39905,16.13,28.62,132.0,17.76,30.8,132.0
MILAM COUNTY,MILANO ISD,48331,166903,42.98,78.26,465.0,39.89,76.64,396.0
NAVARRO COUNTY,MILDRED ISD,48349,175910,58.68,104.93,734.0,56.29,109.35,755.0
RUNNELS COUNTY,MILES ISD,48399,200902,41.86,75.23,435.0,40.81,76.99,468.0
ELLIS COUNTY,MILFORD ISD,48139,70909,23.34,44.18,266.0,24.58,44.63,245.0
HOPKINS COUNTY,MILLER GROVE ISD,48223,112907,29.07,46.93,334.0,30.08,51.0,306.0
PARKER COUNTY,MILLSAP ISD,48367,184904,77.04,148.54,1018.0,83.46,163.24,1029.0
WOOD COUNTY,MINEOLA ISD,48499,250903,131.76,258.02,1637.0,139.36,276.55,1591.0
PALO PINTO COUNTY,MINERAL WELLS ISD,48363,182903,227.69,484.4,3281.0,232.35,496.24,3116.0
HIDALGO COUNTY,MISSION CISD,48215,108908,1009.44,2251.24,15588.0,976.84,2213.47,15044.0
WARD COUNTY,MONAHANS-WICKETT-PYOTE ISD,48475,238902,134.85,318.72,2410.0,148.32,349.08,2103.0
MONTAGUE COUNTY,MONTAGUE ISD,48337,169908,11.91,19.83,166.0,12.43,22.2,151.0
HIDALGO COUNTY,MONTE ALTO ISD,48215,108915,61.4,136.07,947.0,65.82,135.56,891.0
TRAVIS COUNTY,MONTESSORI FOR ALL,48453,227826,22.43,61.57,457.0,26.74,60.48,479.0
MONTGOMERY COUNTY,MONTGOMERY ISD,48339,170903,587.57,1058.11,8857.0,594.82,1049.46,8920.0
MARION COUNTY,MOODY ISD,48309,161910,59.71,103.6,696.0,61.9,113.54,666.0
SHACKELFORD COUNTY,MORAN ISD,48417,209902,17.45,26.01,111.0,13.26,24.07,118.0
BOSQUE COUNTY,MORGAN ISD,48035,18903,13.51,24.95,129.0,15.34,26.74,136.0
ERATH COUNTY,MORGAN MILL ISD,48143,72910,13.1,19.12,123.0,11.32,18.67,129.0
COCHRAN COUNTY,MORTON ISD,48079,40901,39.08,81.06,394.0,38.44,77.01,374.0
MOTLEY COUNTY,MOTLEY COUNTY ISD,48345,173901,16.54,39.41,162.0,16.19,40.89,167.0
LAVACA COUNTY,MOULTON ISD,48285,143902,28.11,49.79,279.0,26.92,47.81,286.0
HILL COUNTY,MOUNT CALM ISD,48217,109910,17.57,35.41,197.0,18.46,35.07,184.0
RUSK COUNTY,MOUNT ENTERPRISE ISD,48401,201907,39.55,62.97,414.0,39.89,69.98,403.0
TITUS COUNTY,MOUNT PLEASANT ISD,48449,225902,403.77,858.88,5394.0,406.34,832.97,5306.0
FRANKLIN COUNTY,MOUNT VERNON ISD,48159,80901,123.12,228.69,1621.0,121.42,230.01,1478.0
COOKE COUNTY,MUENSTER ISD,48097,49902,40.36,65.0,514.0,43.6,68.49,524.0
BAILEY COUNTY,MULESHOE ISD,48017,9901,115.57,223.52,1417.0,113.54,219.96,1337.0
MILLS COUNTY,MULLIN ISD,48333,167902,35.74,82.32,340.0,33.63,72.41,217.0
ROBERTSON COUNTY,MUMFORD ISD,48395,198906,37.99,70.66,612.0,39.99,72.81,615.0
KNOX COUNTY,MUNDAY CISD,48275,138903,35.99,75.16,392.0,41.44,76.36,396.0
HENDERSON COUNTY,MURCHISON ISD,48213,107908,16.19,28.17,180.0,16.57,32.7,168.0
NACOGDOCHES COUNTY,NACOGDOCHES ISD,48347,174904,422.48,994.45,6249.0,453.96,1013.58,5940.0
MEDINA COUNTY,NATALIA ISD,48325,163903,76.85,165.64,1080.0,79.99,179.65,1024.0
GUADALUPE COUNTY,NAVARRO ISD,48187,94903,128.52,245.58,1943.0,133.44,255.58,1849.0
GRIMES COUNTY,NAVASOTA ISD,48185,93904,236.49,401.41,3043.0,251.99,443.27,2847.0
CASTRO COUNTY,NAZARETH ISD,48069,35903,21.55,32.24,253.0,19.7,35.99,250.0
ANDERSON COUNTY,NECHES ISD,48001,1906,33.48,63.92,366.0,35.48,65.4,339.0
JEFFERSON COUNTY,NEDERLAND ISD,48245,123905,363.8,670.72,5207.0,366.06,674.28,5022.0
FORT BEND COUNTY,NEEDVILLE ISD,48157,79906,207.24,368.95,3262.0,217.04,395.02,3306.0
BOWIE COUNTY,NEW BOSTON ISD,48037,19905,119.25,237.83,1275.0,119.52,242.71,1174.0
COMAL COUNTY,NEW BRAUNFELS ISD,48091,46901,541.46,1150.69,9127.0,578.16,1131.23,9282.0
MONTGOMERY COUNTY,NEW CANEY ISD,48339,170908,1030.24,2102.33,15381.0,1050.05,2222.17,16274.0
LUBBOCK COUNTY,NEW DEAL ISD,48303,152902,58.45,106.02,786.0,58.14,105.44,754.0
UPSHUR COUNTY,NEW DIANA ISD,48459,230906,80.56,150.35,1118.0,92.59,168.34,1175.0
BEXAR COUNTY,NEW FRONTIERS PUBLIC SCHOOLS INC,48029,15805,45.3,83.04,663.0,39.98,72.85,485.0
LYNN COUNTY,NEW HOME ISD,48305,153905,39.95,65.63,479.0,47.0,74.88,575.0
CHEROKEE COUNTY,NEW SUMMERFIELD ISD,48073,37908,46.13,98.74,544.0,45.73,100.76,529.0
WALKER COUNTY,NEW WAVERLY ISD,48471,236901,83.7,152.12,1030.0,82.67,154.57,1038.0
YOUNG COUNTY,NEWCASTLE ISD,48503,252902,19.49,37.61,206.0,21.9,39.33,210.0
TARRANT COUNTY,NEWMAN INTERNATIONAL ACADEMY OF ARLINGTON,48439,220817,255.87,393.6,3005.0,270.44,430.56,3059.0
NEWTON COUNTY,NEWTON ISD,48351,176902,91.55,192.65,1041.0,91.62,189.68,969.0
GONZALES COUNTY,NIXON-SMILEY CISD,48177,89903,84.14,193.0,1074.0,88.14,209.33,1015.0
MONTAGUE COUNTY,NOCONA ISD,48337,169902,70.29,140.02,774.0,74.11,150.0,805.0
DEWITT COUNTY,NORDHEIM ISD,48123,62902,16.93,27.63,149.0,16.6,28.55,144.0
LEON COUNTY,NORMANGEE ISD,48289,145906,46.3,91.05,605.0,50.13,99.35,595.0
BEXAR COUNTY,NORTH EAST ISD,48029,15910,4174.47,8387.25,65186.0,4224.64,8516.79,60483.0
HOPKINS COUNTY,NORTH HOPKINS ISD,48223,112906,43.91,86.0,512.0,46.85,93.3,555.0
LAMAR COUNTY,NORTH LAMAR ISD,48277,139911,219.64,451.73,2456.0,208.25,439.25,2361.0
DENTON COUNTY,NORTH TEXAS COLLEGIATE ACADEMY,48121,61802,41.26,58.04,556.0,46.21,63.79,633.0
MASON COUNTY,NORTH ZULCH ISD,48313,154903,31.44,58.97,339.0,30.1,53.65,300.0
BEXAR COUNTY,NORTHSIDE ISD,48029,15915,6962.33,13498.61,106501.0,6844.94,13307.78,103151.0
DENTON COUNTY,NORTHWEST ISD,48121,61911,1598.11,2506.73,24141.0,1728.82,2701.93,25383.0
DALLAS COUNTY,NOVA ACADEMY,48113,57809,7.99,19.35,135.0,9.9,18.96,122.0
DALLAS COUNTY,NOVA ACADEMY SOUTHEAST,48113,57827,36.76,75.88,616.0,41.68,72.79,613.0
EDWARDS COUNTY,NUECES CANYON CISD,48137,69902,29.69,53.95,280.0,26.68,52.65,260.0
VICTORIA COUNTY,NURSERY ISD,48469,235904,8.5,15.85,132.0,14.0,24.9,141.0
TRAVIS COUNTY,NYOS CHARTER SCHOOL,48453,227804,83.22,113.3,1017.0,91.86,142.31,1077.0
LYNN COUNTY,O'DONNELL ISD,48305,153903,33.02,60.66,309.0,36.04,64.01,298.0
LEON COUNTY,OAKWOOD ISD,48289,145907,20.19,37.77,199.0,20.91,43.4,192.0
SAN PATRICIO COUNTY,ODEM-EDROY ISD,48409,205905,64.67,148.69,905.0,73.61,157.91,846.0
GALVESTON COUNTY,ODYSSEY ACADEMY INC,48167,84802,68.32,143.65,1197.0,92.82,193.39,1397.0
CORYELL COUNTY,OGLESBY ISD,48099,50904,18.96,30.35,169.0,19.61,34.38,185.0
RUNNELS COUNTY,OLFEN ISD,48399,200906,10.28,18.67,104.0,14.84,25.25,142.0
YOUNG COUNTY,OLNEY ISD,48503,252903,72.26,137.52,677.0,75.62,140.41,707.0
LAMB COUNTY,OLTON ISD,48279,140905,55.9,111.33,591.0,54.56,108.9,596.0
POLK COUNTY,ONALASKA ISD,48373,187910,78.41,172.39,1119.0,87.44,182.39,1180.0
JIM WELLS COUNTY,ORANGE GROVE ISD,48249,125903,115.58,254.55,1820.0,121.99,246.31,1714.0
ORANGE COUNTY,ORANGEFIELD ISD,48361,181905,126.83,238.93,1848.0,132.33,255.81,1791.0
UPSHUR COUNTY,ORE CITY ISD,48459,230903,76.43,152.89,956.0,80.68,159.43,928.0
WILLIAMSON COUNTY,ORENDA CHARTER SCHOOL,48491,14804,101.99,160.52,1720.0,108.72,176.42,1848.0
RUSK COUNTY,OVERTON ISD,48401,201908,47.94,92.71,502.0,49.07,93.88,477.0
COTTLE COUNTY,PADUCAH ISD,48101,51901,22.4,40.01,204.0,20.49,37.31,183.0
HASKELL COUNTY,PAINT CREEK ISD,48207,104907,16.38,30.72,118.0,16.24,29.62,91.0
CONCHO COUNTY,PAINT ROCK ISD,48095,48903,23.5,41.95,243.0,23.61,43.4,237.0
MCLENNAN COUNTY,PALACIOS ISD,48321,158905,104.08,213.57,1428.0,96.86,202.21,1316.0
ANDERSON COUNTY,PALESTINE ISD,48001,1907,254.3,491.72,3393.0,261.55,545.79,3400.0
ELLIS COUNTY,PALMER ISD,48139,70910,87.02,176.18,1226.0,88.99,179.07,1246.0
PALO PINTO COUNTY,PALO PINTO ISD,48363,182906,9.73,19.27,95.0,10.71,17.89,84.0
GRAY COUNTY,PAMPA ISD,48179,90904,230.06,496.72,3541.0,235.36,514.8,3506.0
CARSON COUNTY,PANHANDLE ISD,48065,33902,58.16,111.33,702.0,58.21,110.65,669.0
PANOLA COUNTY,PANOLA CHARTER SCHOOL,48365,183801,4.3,14.85,143.0,6.0,17.25,191.0
COLEMAN COUNTY,PANTHER CREEK CISD,48083,42905,17.61,31.26,150.0,18.11,32.83,156.0
WISE COUNTY,PARADISE ISD,48497,249906,96.84,161.95,1240.0,97.39,164.18,1216.0
LAMAR COUNTY,PARIS ISD,48277,139909,311.88,597.55,3813.0,316.78,601.75,3857.0
HARRIS COUNTY,PASADENA ISD,48201,101917,3822.19,8294.24,53291.0,3752.34,8324.23,50614.0
DICKENS COUNTY,PATTON SPRINGS ISD,48125,63906,11.43,30.16,97.0,10.17,30.46,90.0
BEE COUNTY,PAWNEE ISD,48025,13902,19.79,51.32,318.0,22.95,70.87,315.0
BRAZORIA COUNTY,PEARLAND ISD,48039,20908,1306.75,2555.41,21606.0,1317.93,2581.3,21067.0
FRIO COUNTY,PEARSALL ISD,48163,82903,147.49,344.77,2144.0,142.3,344.63,2025.0
PARKER COUNTY,PEASTER ISD,48367,184908,116.29,196.79,1228.0,112.02,207.6,1382.0
REEVES COUNTY,PECOS-BARSTOW-TOYAH ISD,48389,195901,176.66,388.79,2797.0,194.05,413.04,2697.0
DALLAS COUNTY,PEGASUS SCHOOL OF LIBERAL ARTS AND SCIENCES,48113,57802,38.47,65.59,676.0,30.98,56.15,506.0
HILL COUNTY,PENELOPE ISD,48217,109914,20.45,45.46,201.0,20.02,42.28,211.0
JACK COUNTY,PERRIN-WHITT CISD,48237,119903,28.87,53.85,334.0,31.29,55.83,316.0
OCHILTREE COUNTY,PERRYTON ISD,48357,179901,185.79,373.37,2238.0,170.15,366.72,2133.0
HALE COUNTY,PETERSBURG ISD,48189,95904,26.04,49.86,293.0,27.54,57.84,291.0
CLAY COUNTY,PETROLIA CISD,48077,39903,45.75,82.5,450.0,44.93,80.02,446.0
BEE COUNTY,PETTUS ISD,48025,13903,40.47,82.23,420.0,36.45,75.3,374.0
MORRIS COUNTY,PEWITT CISD,48343,172905,70.66,139.55,868.0,76.08,148.71,861.0
TRAVIS COUNTY,PFLUGERVILLE ISD,48453,227904,1819.26,3215.26,25405.0,1909.05,3608.17,25436.0
HIDALGO COUNTY,PHARR-SAN JUAN-ALAMO ISD,48215,108909,2148.32,4624.61,32682.0,2167.14,4660.77,31234.0
DENTON COUNTY,PILOT POINT ISD,48121,61903,111.13,195.67,1395.0,109.97,208.46,1362.0
GREGG COUNTY,PINE TREE ISD,48183,92904,317.05,676.01,4500.0,321.37,670.67,4545.0
ANGELINA COUNTY,PINEYWOODS COMMUNITY ACADEMY,48005,3801,65.01,131.91,1022.0,67.44,129.71,996.0
DALLAS COUNTY,PIONEER TECHNOLOGY & ARTS ACADEMY,48113,57850,51.33,65.96,618.0,147.0,191.0,1709.0
CAMP COUNTY,PITTSBURG ISD,48063,32902,198.04,401.51,2356.0,193.03,418.23,2347.0
YOAKUM COUNTY,PLAINS ISD,48501,251902,39.0,74.83,479.0,40.89,78.33,431.0
HALE COUNTY,PLAINVIEW ISD,48189,95905,358.9,707.34,5375.0,346.14,711.81,4843.0
COLLIN COUNTY,PLANO ISD,48085,43910,3906.72,6915.57,53057.0,3786.89,6707.33,50154.0
BOWIE COUNTY,PLEASANT GROVE ISD,48037,19912,164.89,271.65,2158.0,166.61,263.0,2233.0
ATASCOSA COUNTY,PLEASANTON ISD,48013,7905,229.56,487.82,3564.0,247.76,525.23,3437.0
HUTCHINSON COUNTY,PLEMONS-STINNETT-PHILLIPS CISD,48233,117904,70.14,124.06,712.0,72.94,126.27,673.0
CAMERON COUNTY,POINT ISABEL ISD,48061,31909,145.59,343.72,2352.0,132.72,312.6,2072.0
DENTON COUNTY,PONDER ISD,48121,61906,102.37,197.9,1550.0,110.96,214.36,1585.0
PARKER COUNTY,POOLVILLE ISD,48367,184901,48.13,91.65,542.0,54.06,99.97,557.0
NUECES COUNTY,PORT ARANSAS ISD,48355,178908,48.49,94.3,501.0,46.61,93.85,503.0
JEFFERSON COUNTY,PORT ARTHUR ISD,48245,123907,609.32,1320.69,8319.0,613.87,1313.17,7957.0
JEFFERSON COUNTY,PORT NECHES-GROVES ISD,48245,123908,353.43,481.47,5136.0,358.89,511.88,4984.0
GARZA COUNTY,POST ISD,48169,85902,81.1,166.53,846.0,71.81,154.81,797.0
ATASCOSA COUNTY,POTEET ISD,48013,7906,118.5,246.4,1703.0,121.57,247.09,1603.0
WILSON COUNTY,POTH ISD,48493,247904,68.08,118.0,841.0,74.74,133.82,846.0
GRAYSON COUNTY,POTTSBORO ISD,48181,91913,96.26,185.23,1424.0,102.95,195.09,1403.0
CALDWELL COUNTY,PRAIRIE LEA ISD,48055,28906,16.63,28.77,216.0,17.89,31.46,221.0
MONTAGUE COUNTY,PRAIRIE VALLEY ISD,48337,169909,15.89,28.11,167.0,16.19,28.61,152.0
LAMAR COUNTY,PRAIRILAND ISD,48277,139912,87.41,153.32,1146.0,84.4,151.75,1036.0
DENTON COUNTY,PREMIER HIGH SCHOOLS,48121,72801,266.28,907.0,5523.0,356.23,1147.27,6332.0
JIM WELLS COUNTY,PREMONT ISD,48249,125905,42.78,83.9,617.0,45.95,86.56,702.0
PRESIDIO COUNTY,PRESIDIO ISD,48377,189902,95.91,239.56,1188.0,74.97,206.14,1058.0
MILLS COUNTY,PRIDDY ISD,48333,167904,13.85,24.0,101.0,15.37,26.51,116.0
COLLIN COUNTY,PRINCETON ISD,48085,43911,306.67,595.65,4887.0,381.84,763.43,5818.0
HANSFORD COUNTY,PRINGLE-MORSE CISD,48195,98903,12.54,27.37,121.0,12.03,29.51,113.0
BELL COUNTY,PRIORITY CHARTER SCHOOLS,48027,14803,66.7,119.05,789.0,68.73,121.54,846.0
HIDALGO COUNTY,PROGRESO ISD,48215,108910,142.3,341.93,1756.0,109.0,297.62,1533.0
TRAVIS COUNTY,PROMESA PUBLIC SCHOOLS,48453,227824,64.67,132.87,1037.0,51.79,95.75,1010.0
HARRIS COUNTY,PROMISE COMMUNITY SCHOOL,48201,101853,103.97,149.0,1957.0,100.64,157.66,1556.0
COLLIN COUNTY,PROSPER ISD,48085,43912,905.39,1488.42,14348.0,1273.37,2130.84,19138.0
HARDEMAN COUNTY,QUANAH ISD,48197,99903,52.61,105.92,500.0,55.61,118.89,528.0
CASS COUNTY,QUEEN CITY ISD,48067,34907,85.27,169.85,1074.0,84.73,181.53,959.0
HUNT COUNTY,QUINLAN ISD,48231,116908,178.41,402.17,2694.0,182.52,394.31,2592.0
WOOD COUNTY,QUITMAN ISD,48499,250904,84.65,176.11,1130.0,97.22,188.2,1130.0
RAINS COUNTY,RAINS ISD,48379,190903,129.81,292.2,1722.0,132.11,290.41,1709.0
CROSBY COUNTY,RALLS ISD,48107,54903,53.87,94.92,519.0,48.98,90.08,462.0
DUVAL COUNTY,RAMIREZ CSD,48131,66005,2.8,9.79,27.0,3.01,8.98,44.0
VAN ZANDT COUNTY,RANCH ACADEMY,48467,234801,9.6,11.0,79.0,4.83,14.23,61.0
BEXAR COUNTY,RANDOLPH FIELD ISD,48029,15906,101.94,196.04,1468.0,103.65,197.1,1441.0
EASTLAND COUNTY,RANGER ISD,48133,67907,38.07,73.92,364.0,42.52,75.96,351.0
UPTON COUNTY,RANKIN ISD,48461,231902,37.16,65.86,300.0,39.77,75.92,289.0
MARION COUNTY,RAPOPORT ACADEMY PUBLIC SCHOOL,48309,161802,75.04,140.17,819.0,78.87,144.69,821.0
WILLACY COUNTY,RAYMONDVILLE ISD,48489,245903,150.95,350.54,2054.0,153.49,351.06,2080.0
REAGAN COUNTY,REAGAN COUNTY ISD,48383,192901,79.84,149.43,875.0,85.23,166.54,837.0
BOWIE COUNTY,RED LICK ISD,48037,19911,40.0,64.86,501.0,40.0,66.54,518.0
ELLIS COUNTY,RED OAK ISD,48139,70911,380.76,822.38,5891.0,391.76,850.29,6001.0
BOWIE COUNTY,REDWATER ISD,48037,19906,100.29,150.95,1130.0,99.19,154.8,1107.0
REFUGIO COUNTY,REFUGIO ISD,48391,196903,62.98,151.3,689.0,61.52,156.76,682.0
KLEBERG COUNTY,RICARDO ISD,48273,137902,45.42,97.26,689.0,46.0,99.04,654.0
COLORADO COUNTY,RICE CISD,48089,45903,106.6,213.2,1392.0,105.68,208.03,1289.0
NAVARRO COUNTY,RICE ISD,48349,175911,69.7,152.29,910.0,67.98,148.83,969.0
GRIMES COUNTY,RICHARDS ISD,48185,93905,17.01,29.19,179.0,18.89,32.01,182.0
DALLAS COUNTY,RICHARDSON ISD,48113,57916,2662.06,5183.78,39108.0,2841.05,5571.94,37787.0
SAN SABA COUNTY,RICHLAND SPRINGS ISD,48411,206902,13.54,28.27,123.0,13.68,26.74,112.0
MARION COUNTY,RIESEL ISD,48309,161912,50.7,87.1,681.0,48.91,85.38,648.0
STARR COUNTY,RIO GRANDE CITY CISD,48427,214901,798.55,1952.56,10184.0,750.32,1891.37,9997.0
CAMERON COUNTY,RIO HONDO ISD,48061,31911,136.9,320.31,1907.0,110.61,269.93,1731.0
JOHNSON COUNTY,RIO VISTA ISD,48251,126907,66.0,107.55,755.0,66.85,123.57,770.0
LUBBOCK COUNTY,RISE ACADEMY,48303,152802,21.99,36.05,300.0,17.35,38.91,277.0
EASTLAND COUNTY,RISING STAR ISD,48133,67908,16.53,32.04,167.0,18.09,33.01,186.0
POTTER COUNTY,RIVER ROAD ISD,48375,188902,103.75,212.22,1338.0,109.24,231.11,1272.0
RED RIVER COUNTY,RIVERCREST ISD,48387,194903,62.23,113.6,721.0,68.8,126.22,657.0
KLEBERG COUNTY,RIVIERA ISD,48273,137903,39.05,69.62,444.0,38.86,67.76,435.0
COKE COUNTY,ROBERT LEE ISD,48081,41902,28.56,49.85,285.0,24.8,48.42,258.0
MARION COUNTY,ROBINSON ISD,48309,161922,180.99,313.47,2411.0,185.2,319.86,2402.0
NUECES COUNTY,ROBSTOWN ISD,48355,178909,177.19,455.58,2758.0,175.55,460.97,2601.0
FISHER COUNTY,ROBY CISD,48151,76903,29.22,55.09,297.0,28.86,55.81,314.0
MADISON COUNTY,ROCHELLE ISD,48307,160904,23.76,45.64,179.0,21.1,40.94,195.0
MILAM COUNTY,ROCKDALE ISD,48331,166904,115.37,259.45,1504.0,118.04,267.67,1453.0
EDWARDS COUNTY,ROCKSPRINGS ISD,48137,69901,24.03,46.55,306.0,25.44,52.98,270.0
ROCKWALL COUNTY,ROCKWALL ISD,48397,199901,1013.94,1920.68,16587.0,1041.8,1983.2,16987.0
BELL COUNTY,ROGERS ISD,48027,14907,64.52,118.15,869.0,70.32,133.89,892.0
STARR COUNTY,ROMA ISD,48427,214903,447.87,1015.77,6238.0,426.4,1000.5,6060.0
LUBBOCK COUNTY,ROOSEVELT ISD,48303,152908,93.75,171.95,1066.0,91.54,167.61,1014.0
HOCKLEY COUNTY,ROPES ISD,48219,110905,41.11,66.84,479.0,45.11,76.91,475.0
NOLAN COUNTY,ROSCOE COLLEGIATE ISD,48353,177901,46.11,93.6,645.0,51.57,110.78,681.0
FALLS COUNTY,ROSEBUD-LOTT ISD,48145,73905,54.85,115.72,682.0,58.93,114.41,689.0
FISHER COUNTY,ROTAN ISD,48151,76904,24.78,51.79,257.0,27.54,50.98,239.0
WILLIAMSON COUNTY,ROUND ROCK ISD,48491,246909,3382.41,6313.28,50387.0,3562.27,6610.47,48302.0
FAYETTE COUNTY,ROUND TOP-CARMINE ISD,48149,75908,24.5,46.56,267.0,24.89,47.41,236.0
WALLER COUNTY,ROYAL ISD,48473,237905,166.39,314.23,2371.0,186.98,340.82,2476.0
ROCKWALL COUNTY,ROYSE CITY ISD,48397,199902,403.21,814.53,6169.0,471.68,934.8,6886.0
HASKELL COUNTY,RULE ISD,48207,104903,15.0,29.87,122.0,16.37,31.05,141.0
KARNES COUNTY,RUNGE ISD,48255,128903,23.1,49.49,256.0,20.26,45.02,229.0
CHEROKEE COUNTY,RUSK ISD,48073,37907,157.25,302.89,2064.0,165.87,331.3,1969.0
GRAYSON COUNTY,S AND S CISD,48181,91914,72.78,134.6,928.0,75.83,139.16,985.0
UVALDE COUNTY,SABINAL ISD,48463,232902,37.5,83.12,449.0,39.63,88.3,426.0
GREGG COUNTY,SABINE ISD,48183,92906,105.49,214.13,1495.0,110.6,225.14,1521.0
JEFFERSON COUNTY,SABINE PASS ISD,48245,123913,31.61,64.62,371.0,33.64,64.25,388.0
MONTAGUE COUNTY,SAINT JO ISD,48337,169911,29.18,53.79,299.0,28.44,57.07,319.0
BELL COUNTY,SALADO ISD,48027,14908,126.48,227.43,1949.0,141.63,269.42,2105.0
HOPKINS COUNTY,SALTILLO ISD,48223,112909,26.0,52.89,241.0,26.46,56.73,255.0
HARRIS COUNTY,SAM HOUSTON STATE UNIVERSITY CHARTER SCHOOL,48201,236802,17.82,27.79,299.0,24.82,35.82,400.0
FANNIN COUNTY,SAM RAYBURN ISD,48147,74917,52.15,71.91,541.0,54.5,79.41,522.0
TOM GREEN COUNTY,SAN ANGELO ISD,48451,226903,934.28,1953.21,15080.0,941.76,1867.88,14100.0
BEXAR COUNTY,SAN ANTONIO ISD,48029,15907,3155.79,7358.34,48745.0,3210.32,7504.09,45802.0
SAN AUGUSTINE COUNTY,SAN AUGUSTINE ISD,48405,203901,67.81,146.86,756.0,53.44,131.57,687.0
CAMERON COUNTY,SAN BENITO CISD,48061,31912,671.0,1668.29,10520.0,662.25,1527.71,9728.0
DUVAL COUNTY,SAN DIEGO ISD,48131,66902,100.81,186.71,1477.0,102.23,205.64,1488.0
EL PASO COUNTY,SAN ELIZARIO ISD,48141,71904,240.44,581.17,3668.0,217.75,548.54,3191.0
VAL VERDE COUNTY,SAN FELIPE-DEL RIO CISD,48465,233901,631.43,1447.42,10437.0,614.0,1447.78,9874.0
STARR COUNTY,SAN ISIDRO ISD,48427,214902,21.5,48.83,223.0,20.0,48.72,197.0
HAYS COUNTY,SAN MARCOS CISD,48209,105902,568.44,1247.16,8097.0,561.25,1213.49,8013.0
WILLACY COUNTY,SAN PERLITA ISD,48489,245904,23.87,51.99,269.0,24.48,52.16,232.0
SAN SABA COUNTY,SAN SABA ISD,48411,206901,70.87,126.93,762.0,73.67,131.6,722.0
DAWSON COUNTY,SANDS CISD,48115,58909,19.72,38.16,253.0,20.96,40.51,263.0
HUTCHINSON COUNTY,SANFORD-FRITCH ISD,48233,117903,64.42,125.48,731.0,63.8,133.66,685.0
DENTON COUNTY,SANGER ISD,48121,61908,185.33,460.99,2759.0,194.58,458.0,2569.0
COLEMAN COUNTY,SANTA ANNA ISD,48083,42903,26.22,52.15,264.0,25.5,49.22,265.0
GALVESTON COUNTY,SANTA FE ISD,48167,84909,269.56,630.75,4602.0,261.29,640.18,4343.0
KLEBERG COUNTY,SANTA GERTRUDIS ISD,48273,137904,52.48,95.85,804.0,50.55,97.09,779.0
CAMERON COUNTY,SANTA MARIA ISD,48061,31913,55.4,148.07,636.0,56.26,146.28,604.0
CAMERON COUNTY,SANTA ROSA ISD,48061,31914,86.72,213.48,1107.0,77.02,187.09,935.0
PALO PINTO COUNTY,SANTO ISD,48363,182904,39.38,77.41,463.0,39.32,81.09,453.0
FANNIN COUNTY,SAVOY ISD,48147,74911,27.0,53.66,322.0,28.6,54.9,303.0
GUADALUPE COUNTY,SCHERTZ-CIBOLO-U CITY ISD,48187,94902,935.86,1769.9,15818.0,988.04,1813.8,15673.0
SCHLEICHER COUNTY,SCHLEICHER ISD,48413,207901,55.12,100.87,515.0,53.81,99.06,521.0
BEXAR COUNTY,SCHOOL OF EXCELLENCE IN EDUCATION,48029,15806,46.66,101.75,649.0,37.23,82.6,354.0
BEXAR COUNTY,SCHOOL OF SCIENCE AND TECHNOLOGY,48029,15827,130.62,180.36,1851.0,217.27,324.26,3274.0
BEXAR COUNTY,SCHOOL OF SCIENCE AND TECHNOLOGY DISCOVERY,48029,15831,165.68,236.01,2382.0,291.5,457.2,4805.0
FAYETTE COUNTY,SCHULENBURG ISD,48149,75903,64.81,124.15,732.0,64.04,121.86,696.0
KAUFMAN COUNTY,SCURRY-ROSSER ISD,48257,129910,80.63,184.18,1054.0,80.0,187.77,1073.0
GAINES COUNTY,SEAGRAVES ISD,48165,83901,43.19,99.95,577.0,45.98,104.58,510.0
AUSTIN COUNTY,SEALY ISD,48015,8902,209.28,364.08,2803.0,206.45,363.49,2814.0
NUECES COUNTY,SEASHORE CHARTER SCHOOLS,48355,178808,33.31,51.47,487.0,36.79,58.21,499.0
GUADALUPE COUNTY,SEGUIN ISD,48187,94901,464.16,996.64,7366.0,466.14,1027.63,6899.0
GAINES COUNTY,SEMINOLE ISD,48165,83903,224.46,462.52,2956.0,233.39,478.21,2928.0
HARRIS COUNTY,SER-NINOS CHARTER SCHOOL,48201,101802,64.31,103.96,1129.0,68.48,102.45,1095.0
BAYLOR COUNTY,SEYMOUR ISD,48023,12901,49.6,96.53,582.0,49.79,95.34,621.0
LUBBOCK COUNTY,SHALLOWATER ISD,48303,152909,134.69,274.37,1694.0,137.66,279.3,1682.0
WHEELER COUNTY,SHAMROCK ISD,48483,242902,40.41,86.24,367.0,41.58,87.77,407.0
HIDALGO COUNTY,SHARYLAND ISD,48215,108911,637.3,1327.34,10285.0,631.13,1333.18,9765.0
SHELBY COUNTY,SHELBYVILLE ISD,48419,210903,67.56,117.76,783.0,66.58,123.79,770.0
HARRIS COUNTY,SHELDON ISD,48201,101924,556.14,1223.73,9401.0,637.89,1406.76,10206.0
SAN JACINTO COUNTY,SHEPHERD ISD,48407,204904,132.1,307.06,2041.0,132.83,302.82,1930.0
GRAYSON COUNTY,SHERMAN ISD,48181,91906,557.2,1065.14,7405.0,561.08,1110.41,7503.0
LAVACA COUNTY,SHINER ISD,48285,143903,51.16,85.86,666.0,54.21,88.5,702.0
COMANCHE COUNTY,SIDNEY ISD,48093,47905,14.84,24.28,139.0,14.08,25.48,142.0
HUDSPETH COUNTY,SIERRA BLANCA ISD,48229,115902,13.0,26.5,113.0,11.45,22.15,129.0
HARDIN COUNTY,SILSBEE ISD,48199,100904,202.59,396.29,2968.0,197.51,398.04,2743.0
BRISCOE COUNTY,SILVERTON ISD,48045,23902,19.33,36.08,191.0,20.44,37.6,188.0
BOWIE COUNTY,SIMMS ISD,48037,19909,46.11,82.29,517.0,45.0,80.84,483.0
SAN PATRICIO COUNTY,SINTON ISD,48409,205906,146.0,308.88,2139.0,144.0,319.7,2074.0
COOKE COUNTY,SIVELLS BEND ISD,48097,49909,7.64,12.0,68.0,7.57,12.0,49.0
BEE COUNTY,SKIDMORE-TYNAN ISD,48025,13905,64.0,120.93,834.0,66.31,129.98,806.0
LUBBOCK COUNTY,SLATON ISD,48303,152903,105.65,248.44,1344.0,112.39,274.58,1326.0
WISE COUNTY,SLIDELL ISD,48497,249908,20.8,39.03,271.0,25.46,47.1,344.0
ANDERSON COUNTY,SLOCUM ISD,48001,1909,40.25,67.55,406.0,35.8,66.79,366.0
BASTROP COUNTY,SMITHVILLE ISD,48021,11904,136.65,261.16,1802.0,133.64,260.53,1753.0
HOCKLEY COUNTY,SMYER ISD,48219,110906,39.5,59.55,436.0,41.1,59.95,412.0
BURLESON COUNTY,SNOOK ISD,48051,26903,48.13,93.28,513.0,44.86,100.1,489.0
SCURRY COUNTY,SNYDER ISD,48415,208902,194.51,367.54,2659.0,204.49,396.25,2610.0
EL PASO COUNTY,SOCORRO ISD,48141,71909,2803.96,5665.72,46814.0,2931.18,6020.31,47061.0
BEXAR COUNTY,SOMERSET ISD,48029,15909,252.93,570.76,4158.0,265.47,600.36,4021.0
BURLESON COUNTY,SOMERVILLE ISD,48051,26902,46.54,73.9,529.0,52.42,96.17,518.0
SUTTON COUNTY,SONORA ISD,48435,218901,70.78,142.79,808.0,68.44,124.31,699.0
BEXAR COUNTY,SOUTH SAN ANTONIO ISD,48029,15908,529.87,1153.53,8939.0,554.27,1247.13,8267.0
HIDALGO COUNTY,SOUTH TEXAS ISD,48215,31916,299.66,648.22,4098.0,304.37,645.72,4194.0
GARZA COUNTY,SOUTHLAND ISD,48169,85903,14.72,26.87,123.0,16.33,28.37,117.0
BEXAR COUNTY,SOUTHSIDE ISD,48029,15917,359.35,630.75,5663.0,374.97,892.59,5595.0
BEXAR COUNTY,SOUTHWEST ISD,48029,15912,915.07,1874.99,13759.0,951.35,2054.39,13474.0
BEXAR COUNTY,SOUTHWEST PREPARATORY SCHOOL,48029,15807,80.35,152.36,983.0,75.58,157.62,850.0
HARRIS COUNTY,SOUTHWEST SCHOOL,48201,101838,108.68,200.28,1993.0,108.43,217.12,1703.0
HANSFORD COUNTY,SPEARMAN ISD,48195,98904,79.57,148.21,863.0,77.48,151.37,812.0
MONTGOMERY COUNTY,SPLENDORA ISD,48339,170907,271.77,572.99,4108.0,302.31,647.3,4170.0
HARRIS COUNTY,SPRING BRANCH ISD,48201,101920,2302.82,4435.5,34681.0,2151.52,4588.44,33288.0
HUTCHINSON COUNTY,SPRING CREEK ISD,48233,117907,10.84,19.53,92.0,11.56,20.2,106.0
GREGG COUNTY,SPRING HILL ISD,48183,92907,144.74,263.31,2019.0,150.2,268.35,2006.0
HARRIS COUNTY,SPRING ISD,48201,101919,2163.98,4978.37,35385.0,2257.58,5186.61,33567.0
LAMB COUNTY,SPRINGLAKE-EARTH ISD,48279,140907,33.8,64.96,351.0,35.78,67.7,306.0
PARKER COUNTY,SPRINGTOWN ISD,48367,184902,258.5,479.95,3473.0,271.71,517.6,3619.0
DICKENS COUNTY,SPUR ISD,48125,63903,28.24,54.0,246.0,28.01,55.88,240.0
TYLER COUNTY,SPURGER ISD,48457,229905,33.62,71.28,372.0,36.99,79.57,358.0
DALLAS COUNTY,ST ANTHONY SCHOOL,48113,57836,19.89,35.08,309.0,22.27,40.46,327.0
BEE COUNTY,ST MARY'S ACADEMY CHARTER SCHOOL,48025,13801,27.8,74.74,430.0,24.27,70.54,391.0
FORT BEND COUNTY,STAFFORD MSD,48157,79910,218.62,433.03,3589.0,235.6,462.05,3316.0
JONES COUNTY,STAMFORD ISD,48253,127906,59.0,126.41,647.0,58.31,130.68,595.0
MAVERICK COUNTY,STANTON ISD,48317,156902,80.8,152.14,1098.0,87.84,169.34,1054.0
HARRIS COUNTY,STEP CHARTER SCHOOL,48201,101859,32.93,62.1,505.0,34.98,64.43,497.0
NACOGDOCHES COUNTY,STEPHEN F AUSTIN STATE UNIVERSITY CHARTER SCHOOL,48347,174801,17.32,28.07,256.0,17.53,30.61,255.0
ERATH COUNTY,STEPHENVILLE ISD,48143,72903,253.55,456.64,3697.0,262.66,475.91,3659.0
STERLING COUNTY,STERLING CITY ISD,48431,216901,27.04,54.31,327.0,28.99,59.79,338.0
WILSON COUNTY,STOCKDALE ISD,48493,247906,74.19,138.26,830.0,73.65,141.28,780.0
SHERMAN COUNTY,STRATFORD ISD,48421,211902,56.99,103.18,577.0,58.0,100.36,576.0
PALO PINTO COUNTY,STRAWN ISD,48363,182905,18.76,28.74,167.0,18.77,29.59,142.0
LAMB COUNTY,SUDAN ISD,48279,140908,43.6,72.82,475.0,44.03,72.53,480.0
HOPKINS COUNTY,SULPHUR BLUFF ISD,48223,112910,18.13,38.4,241.0,20.35,42.21,218.0
HOPKINS COUNTY,SULPHUR SPRINGS ISD,48223,112901,349.18,677.02,4399.0,362.78,697.9,4313.0
HOCKLEY COUNTY,SUNDOWN ISD,48219,110907,63.06,102.88,614.0,59.23,103.25,583.0
DALLAS COUNTY,SUNNYVALE ISD,48113,57919,124.44,226.38,1882.0,139.53,273.18,2025.0
MOORE COUNTY,SUNRAY ISD,48341,171902,56.19,109.48,556.0,59.9,125.92,591.0
BRAZORIA COUNTY,SWEENY ISD,48039,20906,132.71,252.23,1978.0,135.47,287.09,1848.0
LAVACA COUNTY,SWEET HOME ISD,48285,143905,11.88,23.5,143.0,12.49,22.76,143.0
NOLAN COUNTY,SWEETWATER ISD,48353,177902,145.85,380.27,2162.0,156.45,402.08,2083.0
SAN PATRICIO COUNTY,TAFT ISD,48409,205907,89.99,197.9,1047.0,83.5,177.79,940.0
LYNN COUNTY,TAHOKA ISD,48305,153904,64.91,128.61,620.0,63.05,125.27,597.0
LIBERTY COUNTY,TARKINGTON ISD,48291,146907,127.44,250.98,1810.0,138.75,269.73,1718.0
RUSK COUNTY,TATUM ISD,48401,201910,105.18,227.04,1515.0,108.42,231.19,1473.0
WILLIAMSON COUNTY,TAYLOR ISD,48491,246911,238.82,520.27,3191.0,225.81,484.28,2973.0
FREESTONE COUNTY,TEAGUE ISD,48161,81904,91.32,184.18,1168.0,89.95,187.9,1163.0
JEFFERSON COUNTY,TEKOA ACADEMY OF ACCELERATED STUDIES STEM SCHOOL,48245,123803,22.75,44.68,464.0,30.99,50.99,457.0
BELL COUNTY,TEMPLE ISD,48027,14909,608.8,1158.18,8752.0,594.49,1168.81,8403.0
SHELBY COUNTY,TENAHA ISD,48419,210904,40.58,80.47,542.0,38.33,79.71,500.0
BREWSTER COUNTY,TERLINGUA CSD,48043,22004,12.18,25.44,101.0,11.21,25.14,98.0
TERRELL COUNTY,TERRELL COUNTY ISD,48443,222901,13.02,26.79,121.0,14.0,27.87,121.0
KAUFMAN COUNTY,TERRELL ISD,48257,129906,296.76,588.76,4711.0,305.41,605.89,4728.0
BOWIE COUNTY,TEXARKANA ISD,48037,19907,528.7,1073.17,7174.0,544.76,1098.42,7654.0
GALVESTON COUNTY,TEXAS CITY ISD,48167,84906,543.87,1239.12,8641.0,570.63,1270.04,8044.0
DENTON COUNTY,TEXAS COLLEGE PREPARATORY ACADEMIES,48121,221801,804.67,1710.23,12116.0,1092.05,2189.63,15671.0
TRAVIS COUNTY,TEXAS EMPOWERMENT ACADEMY,48453,227805,21.33,33.57,334.0,26.02,49.14,360.0
TOM GREEN COUNTY,TEXAS LEADERSHIP PUBLIC SCHOOLS,48451,226801,193.6,352.02,2793.0,203.17,383.68,2863.0
HAYS COUNTY,TEXAS PREPARATORY SCHOOL,48209,105802,23.45,62.84,228.0,18.94,50.44,160.0
TARRANT COUNTY,TEXAS SCHOOL OF THE ARTS,48439,220814,23.87,40.67,332.0,22.88,50.79,287.0
HARRIS COUNTY,TEXAS SERENITY ACADEMY,48201,170801,25.99,43.32,408.0,31.83,65.35,418.0
SHERMAN COUNTY,TEXHOMA ISD,48421,211901,12.49,25.83,172.0,10.28,24.68,169.0
DALLAM COUNTY,TEXLINE ISD,48111,56902,17.58,30.79,180.0,20.94,32.32,199.0
HARRIS COUNTY,THE LAWSON ACADEMY,48201,101864,17.0,32.54,226.0,14.92,25.7,182.0
HARRIS COUNTY,THE PRO-VISION ACADEMY,48201,101868,26.5,44.48,478.0,29.0,44.5,432.0
HARRIS COUNTY,THE RHODES SCHOOL,48201,101861,93.57,165.88,1236.0,51.09,122.7,718.0
HARRIS COUNTY,THE VARNETT PUBLIC SCHOOL,48201,101814,79.69,198.56,1721.0,70.55,177.4,1333.0
MILAM COUNTY,THORNDALE ISD,48331,166905,51.85,98.44,557.0,53.21,100.56,576.0
WILLIAMSON COUNTY,THRALL ISD,48491,246912,55.77,91.47,736.0,58.83,101.72,777.0
LIVE OAK COUNTY,THREE RIVERS ISD,48297,149902,54.45,102.06,628.0,58.92,109.04,570.0
ERATH COUNTY,THREE WAY ISD,48143,72901,16.15,27.17,163.0,20.21,35.75,215.0
THROCKMORTON COUNTY,THROCKMORTON COLLEGIATE ISD,48447,224901,13.56,27.5,147.0,17.16,31.22,140.0
MCLENNAN COUNTY,TIDEHAVEN ISD,48321,158902,68.21,136.97,979.0,71.15,151.87,955.0
SHELBY COUNTY,TIMPSON ISD,48419,210905,54.56,107.23,678.0,58.53,108.7,649.0
GRAYSON COUNTY,TIOGA ISD,48181,91907,55.41,103.22,675.0,62.34,116.63,737.0
HOOD COUNTY,TOLAR ISD,48221,111903,61.46,103.01,797.0,68.28,113.39,806.0
GRAYSON COUNTY,TOM BEAN ISD,48181,91918,51.12,99.69,664.0,55.95,100.26,659.0
HARRIS COUNTY,TOMBALL ISD,48201,101921,1045.13,2159.34,16962.0,1172.4,2356.05,18666.0
EL PASO COUNTY,TORNILLO ISD,48141,71908,73.28,179.28,1025.0,71.5,176.88,914.0
TARRANT COUNTY,TREETOPS SCHOOL INTERNATIONAL,48439,220801,30.82,39.08,391.0,31.0,39.02,391.0
TAYLOR COUNTY,TRENT ISD,48441,221905,16.54,29.99,171.0,18.0,33.09,131.0
FANNIN COUNTY,TRENTON ISD,48147,74912,45.28,88.32,600.0,48.11,91.97,725.0
HENDERSON COUNTY,TRINIDAD ISD,48213,107907,20.49,32.41,182.0,21.99,32.98,158.0
TRAVIS COUNTY,TRINITY CHARTER SCHOOL,48453,46802,60.92,117.32,448.0,52.32,101.37,400.0
TRINITY COUNTY,TRINITY ISD,48455,228903,92.6,177.66,1188.0,95.77,185.63,1161.0
DENTON COUNTY,TRIVIUM ACADEMY,48121,61805,45.22,55.51,593.0,52.15,59.97,598.0
SMITH COUNTY,TROUP ISD,48423,212904,81.23,158.86,1102.0,87.84,170.32,1023.0
BELL COUNTY,TROY ISD,48027,14910,103.97,207.69,1542.0,105.48,213.27,1571.0
SWISHER COUNTY,TULIA ISD,48437,219903,98.38,191.98,1094.0,88.74,181.48,950.0
NUECES COUNTY,TULOSO-MIDWAY ISD,48355,178912,283.93,542.74,3941.0,278.02,526.99,3846.0
BRISCOE COUNTY,TURKEY-QUITAQUE ISD,48045,96905,21.39,35.19,221.0,22.96,34.85,195.0
HARRIS COUNTY,TWO DIMENSIONS PREPARATORY ACADEMY,48201,101840,27.99,69.21,503.0,22.85,63.76,440.0
SMITH COUNTY,TYLER ISD,48423,212905,1210.45,2506.58,18130.0,1234.66,2489.32,17721.0
DALLAS COUNTY,UME PREPARATORY ACADEMY,48113,57845,52.23,89.74,844.0,80.74,132.75,1270.0
UPSHUR COUNTY,UNION GROVE ISD,48459,230908,63.32,109.65,754.0,64.53,115.04,721.0
UPSHUR COUNTY,UNION HILL ISD,48459,230904,36.64,65.01,345.0,33.38,64.02,307.0
WEBB COUNTY,UNITED ISD,48479,240903,2585.13,6397.39,43364.0,2590.6,6334.07,41902.0
DALLAS COUNTY,UNIVERSAL ACADEMY,48113,57808,141.56,204.55,2058.0,138.86,201.05,2397.0
HARRIS COUNTY,UNIVERSITY OF HOUSTON CHARTER SCHOOL,48201,101807,6.0,14.22,135.0,6.0,12.0,86.0
TRAVIS COUNTY,UNIVERSITY OF TEXAS ELEMENTARY CHARTER SCHOOL,48453,227819,21.25,36.07,298.0,22.82,38.46,290.0
TRAVIS COUNTY,UNIVERSITY OF TEXAS UNIVERSITY CHARTER SCHOOL,48453,227806,72.24,130.55,638.0,76.36,136.09,618.0
DALLAS COUNTY,UPLIFT EDUCATION,48113,57803,1204.78,2144.67,18709.0,1369.08,2490.89,21521.0
SMITH COUNTY,UT TYLER UNIVERSITY ACADEMY,48423,212804,53.53,76.47,738.0,56.94,87.75,827.0
UVALDE COUNTY,UTOPIA ISD,48463,232904,19.66,38.8,242.0,19.16,39.97,206.0
ECTOR COUNTY,UTPB STEM ACADEMY,48135,68803,37.85,52.65,721.0,44.73,60.54,792.0
UVALDE COUNTY,UVALDE CISD,48463,232903,280.47,723.89,4273.0,278.92,733.98,4150.0
MARION COUNTY,VALLEY MILLS ISD,48309,18904,50.49,94.1,650.0,55.24,94.73,618.0
HIDALGO COUNTY,VALLEY VIEW ISD,48215,108916,278.75,672.85,4438.0,273.79,660.15,4132.0
TRAVIS COUNTY,VALOR PUBLIC SCHOOLS,48453,227829,25.41,38.51,459.0,59.77,94.07,1091.0
GRAYSON COUNTY,VAN ALSTYNE ISD,48181,91908,110.72,205.81,1707.0,124.79,228.63,1868.0
VAN ZANDT COUNTY,VAN ISD,48467,234906,152.32,322.11,2420.0,152.09,314.38,2354.0
MCLENNAN COUNTY,VAN VLECK ISD,48321,158906,77.42,153.38,1045.0,78.8,164.48,1056.0
HIDALGO COUNTY,VANGUARD ACADEMY,48215,108808,246.61,450.37,4180.0,274.8,515.92,4906.0
OLDHAM COUNTY,VEGA ISD,48359,180902,40.01,67.38,380.0,41.67,69.97,360.0
JOHNSON COUNTY,VENUS ISD,48251,126908,147.81,283.77,2203.0,164.51,314.76,2197.0
TOM GREEN COUNTY,VERIBEST ISD,48451,226908,22.87,42.66,285.0,23.0,43.31,258.0
WILBARGER COUNTY,VERNON ISD,48487,244903,141.36,284.5,1984.0,144.51,314.34,1899.0
VICTORIA COUNTY,VICTORIA ISD,48469,235902,985.15,2161.75,14118.0,936.23,2049.69,13479.0
ORANGE COUNTY,VIDOR ISD,48361,181907,331.66,708.45,4548.0,323.38,700.43,4236.0
DALLAS COUNTY,VILLAGE TECH SCHOOLS,48113,57847,62.03,101.2,1115.0,60.96,100.26,1203.0
EL PASO COUNTY,VISTA DEL FUTURO CHARTER SCHOOL,48141,71809,16.85,50.2,368.0,15.21,51.69,249.0
LAVACA COUNTY,VYSEHRAD ISD,48285,143904,11.14,18.75,126.0,11.31,20.75,107.0
MARION COUNTY,WACO CHARTER SCHOOL,48309,161801,12.39,30.66,212.0,18.0,35.31,223.0
MARION COUNTY,WACO ISD,48309,161914,982.17,2310.8,14756.0,1002.72,2316.34,14428.0
GONZALES COUNTY,WAELDER ISD,48177,89905,30.0,57.11,317.0,27.79,62.57,298.0
DEAF SMITH COUNTY,WALCOTT ISD,48117,59902,9.89,22.38,146.0,9.7,23.42,142.0
TOM GREEN COUNTY,WALL ISD,48451,226906,113.01,204.12,1179.0,121.19,222.32,1258.0
WALLER COUNTY,WALLER ISD,48473,237904,464.56,1012.53,7403.0,535.17,1147.51,7762.0
COOKE COUNTY,WALNUT BEND ISD,48097,49908,5.84,15.51,80.0,5.84,15.89,58.0
BOSQUE COUNTY,WALNUT SPRINGS ISD,48035,18905,18.45,30.62,187.0,20.0,32.5,170.0
TYLER COUNTY,WARREN ISD,48457,229904,94.01,185.25,1277.0,97.88,201.94,1268.0
HARRISON COUNTY,WASKOM ISD,48203,102903,75.99,156.62,903.0,76.3,158.58,824.0
DALLAS COUNTY,WAXAHACHIE FAITH FAMILY ACADEMY,48113,70801,148.06,311.22,2646.0,123.32,282.22,2686.0
ELLIS COUNTY,WAXAHACHIE ISD,48139,70912,639.52,1291.35,8937.0,714.72,1521.96,9679.0
TRAVIS COUNTY,WAYSIDE SCHOOLS,48453,227803,157.08,256.97,2095.0,129.14,210.98,1861.0
PARKER COUNTY,WEATHERFORD ISD,48367,184903,522.43,1003.41,8081.0,561.82,1087.69,8024.0
WEBB COUNTY,WEBB CISD,48479,240904,26.83,62.15,268.0,29.99,65.77,269.0
COLORADO COUNTY,WEIMAR ISD,48089,45905,59.08,110.94,673.0,60.71,114.24,670.0
COLLINGSWORTH COUNTY,WELLINGTON ISD,48087,44902,55.66,100.93,586.0,54.26,101.35,542.0
TERRY COUNTY,WELLMAN-UNION CISD,48445,223904,26.18,47.07,335.0,25.59,49.59,308.0
CHEROKEE COUNTY,WELLS ISD,48073,37909,28.37,54.02,298.0,27.49,51.85,263.0
HIDALGO COUNTY,WESLACO ISD,48215,108913,1100.77,2334.33,17275.0,1042.71,2227.05,16571.0
HARDIN COUNTY,WEST HARDIN COUNTY CISD,48199,100908,40.06,81.08,558.0,48.11,88.74,535.0
MARION COUNTY,WEST ISD,48309,161916,87.92,191.03,1359.0,96.39,205.89,1264.0
ORANGE COUNTY,WEST ORANGE-COVE CISD,48361,181906,170.92,404.78,2465.0,179.71,411.33,2522.0
NUECES COUNTY,WEST OSO ISD,48355,178915,149.17,317.65,2095.0,142.17,309.88,1977.0
RUSK COUNTY,WEST RUSK COUNTY CONSOLIDATED ISD,48401,201914,82.43,162.05,1089.0,76.5,160.81,1027.0
SABINE COUNTY,WEST SABINE ISD,48403,202905,50.46,95.58,613.0,49.76,95.98,569.0
MITCHELL COUNTY,WESTBROOK ISD,48335,168903,25.11,54.66,272.0,21.31,50.38,227.0
DEWITT COUNTY,WESTHOFF ISD,48123,62905,7.25,17.97,87.0,7.18,17.83,66.0
TARRANT COUNTY,WESTLAKE ACADEMY CHARTER SCHOOL,48439,220810,62.61,96.84,879.0,63.11,101.47,865.0
FALLS COUNTY,WESTPHALIA ISD,48145,73904,13.21,21.0,155.0,15.22,27.01,160.0
ANDERSON COUNTY,WESTWOOD ISD,48001,1908,123.46,247.68,1518.0,125.9,262.79,1352.0
WHARTON COUNTY,WHARTON ISD,48481,241904,145.55,330.48,2015.0,150.48,353.61,1914.0
WHEELER COUNTY,WHEELER ISD,48483,242903,41.0,72.68,468.0,39.88,71.88,417.0
CARSON COUNTY,WHITE DEER ISD,48065,33904,32.91,64.71,352.0,31.09,62.03,373.0
GREGG COUNTY,WHITE OAK ISD,48183,92908,116.57,195.34,1499.0,121.55,208.44,1468.0
TARRANT COUNTY,WHITE SETTLEMENT ISD,48439,220920,423.46,730.76,6842.0,441.13,825.32,6701.0
COCHRAN COUNTY,WHITEFACE CISD,48079,40902,31.34,60.97,313.0,31.94,59.46,339.0
SMITH COUNTY,WHITEHOUSE ISD,48423,212906,314.04,625.17,4831.0,341.82,674.54,4818.0
GRAYSON COUNTY,WHITESBORO ISD,48181,91909,106.07,207.77,1615.0,106.5,216.49,1596.0
GRAYSON COUNTY,WHITEWRIGHT ISD,48181,91910,64.27,108.44,862.0,66.37,111.17,743.0
HOCKLEY COUNTY,WHITHARRAL ISD,48219,110908,17.03,29.49,175.0,17.45,32.16,176.0
HILL COUNTY,WHITNEY ISD,48217,109911,111.5,257.25,1491.0,117.75,251.79,1443.0
WICHITA COUNTY,WICHITA FALLS ISD,48485,243905,1005.94,1835.06,14094.0,1037.04,1934.87,13600.0
OLDHAM COUNTY,WILDORADO ISD,48359,180904,15.49,24.94,176.0,17.51,30.61,216.0
MONTGOMERY COUNTY,WILLIS ISD,48339,170904,434.75,970.51,7493.0,442.28,973.76,7882.0
VAN ZANDT COUNTY,WILLS POINT ISD,48467,234907,173.2,368.17,2520.0,180.79,377.61,2467.0
LYNN COUNTY,WILSON ISD,48305,153907,18.44,37.01,103.0,17.5,33.23,135.0
HAYS COUNTY,WIMBERLEY ISD,48209,105905,175.7,336.66,2501.0,179.08,363.08,2562.0
ARCHER COUNTY,WINDTHORST ISD,48009,5904,35.13,65.36,403.0,35.8,65.77,434.0
WINKLER COUNTY,WINK-LOVING ISD,48495,248902,39.75,72.33,461.0,45.87,80.42,403.0
WOOD COUNTY,WINNSBORO ISD,48499,250907,111.89,225.13,1493.0,112.77,233.83,1467.0
SMITH COUNTY,WINONA ISD,48423,212910,87.3,193.27,1098.0,92.7,210.06,1053.0
RUNNELS COUNTY,WINTERS ISD,48399,200904,52.37,111.28,559.0,49.34,116.24,556.0
NACOGDOCHES COUNTY,WODEN ISD,48347,174906,63.81,97.81,763.0,66.0,102.83,764.0
HUNT COUNTY,WOLFE CITY ISD,48231,116909,58.29,105.9,683.0,59.06,107.28,641.0
REFUGIO COUNTY,WOODSBORO ISD,48391,196902,34.11,82.5,441.0,42.0,93.0,428.0
THROCKMORTON COUNTY,WOODSON ISD,48447,224902,18.44,29.71,144.0,14.56,26.51,161.0
TYLER COUNTY,WOODVILLE ISD,48457,229903,106.81,247.19,1285.0,115.18,267.25,1236.0
FREESTONE COUNTY,WORTHAM ISD,48161,81905,39.03,73.36,495.0,37.88,80.55,495.0
TAYLOR COUNTY,WYLIE ISD,48441,221912,287.11,537.72,4600.0,324.73,625.0,4910.0
WOOD COUNTY,YANTIS ISD,48499,250905,30.0,53.67,377.0,31.95,52.97,371.0
HARRIS COUNTY,YELLOWSTONE COLLEGE PREPARATORY,48201,101873,15.3,23.9,227.0,17.26,27.69,230.0
HARRIS COUNTY,YES PREP PUBLIC SCHOOLS INC,48201,101845,722.36,1228.63,11405.0,801.78,1463.85,13455.0
LAVACA COUNTY,YOAKUM ISD,48285,62903,146.92,364.26,1616.0,150.53,376.11,1495.0
DEWITT COUNTY,YORKTOWN ISD,48123,62904,43.19,85.28,546.0,51.22,91.83,524.0
EL PASO COUNTY,YSLETA ISD,48141,71905,2747.52,6272.21,41064.0,2642.51,6119.42,38390.0
ZAPATA COUNTY,ZAPATA COUNTY ISD,48505,253901,226.78,490.74,3522.0,227.95,519.55,3486.0
ANGELINA COUNTY,ZAVALLA ISD,48005,3906,34.35,59.76,360.0,32.14,59.02,300.0
BROWN COUNTY,ZEPHYR ISD,48049,25906,19.48,32.99,218.0,19.97,33.55,199.0
